db,id,year,title,venue,type,url,query,already_screened_d01,triage_score,triage_terms
crossref,doi:10.1115/gt2020-15403,2020,Blade Tip Clearance Measurement Systems for High Speed Turbomachinery Applications and the Potential for Blade Tip Timing Applications,"Volume 8: Industrial and Cogeneration; Manufacturing Materials and Metallurgy; Marine; Microturbines, Turbochargers, and Small Turbomachines",proceedings-article,https://doi.org/10.1115/gt2020-15403,tip clearance optical capacitive measurement fan blade,False,10,tip clearance;optical;capacitive;clearance measurement;rotor
crossref,doi:10.1115/gt2022-82750,2022,Analytical Methods for Transonic Compressor Rotor Blade Tip Clearance Measurements Using Capacitive Probes,"Volume 2: Coal, Biomass, Hydrogen, and Alternative Fuels; Controls, Diagnostics, and Instrumentation; Steam Turbine",proceedings-article,https://doi.org/10.1115/gt2022-82750,tip clearance optical capacitive measurement fan blade,False,9,tip clearance;capacitive;clearance measurement;rotor
crossref,doi:10.2139/ssrn.4820937,2024,Improving the Blade Tip Clearance Measurement Method Based on Blade Tip Timing: Accounting for Rotor Speed Variations and Non-Uniform Blade-by-Blade Tip Clearance,,posted-content,https://doi.org/10.2139/ssrn.4820937,ducted fan non-uniform tip clearance experimental,False,9,tip clearance;non-uniform;clearance measurement;rotor
crossref,doi:10.1016/j.measurement.2024.115777,2025,Improving the blade tip clearance measurement method based on blade tip timing: Accounting for rotor speed variations and non-uniform blade-by-blade tip clearance,Measurement,journal-article,https://doi.org/10.1016/j.measurement.2024.115777,ducted fan non-uniform tip clearance experimental,False,9,tip clearance;non-uniform;clearance measurement;rotor
crossref,doi:10.1115/1.3230742,1981,Laser-Optical Blade Tip Clearance Measurement System,Journal of Engineering for Power,journal-article,https://doi.org/10.1115/1.3230742,tip clearance optical capacitive measurement fan blade,False,9,tip clearance;ducted;optical;clearance measurement;rotor
crossref,doi:10.1115/2000-gt-0416,2000,Non-Uniform Flow in a Compressor due to Asymmetric Tip Clearance,"Volume 4: Manufacturing Materials and Metallurgy; Ceramics; Structures and Dynamics; Controls, Diagnostics and Instrumentation; Education",proceedings-article,https://doi.org/10.1115/2000-gt-0416,ducted fan non-uniform tip clearance experimental,False,9,tip clearance;non-uniform;non-axisymmetric;rotor
crossref,doi:10.1016/j.heliyon.2024.e25296,2024,Numerical investigation on the influence of nonuniform tip clearance on rotor tip-clearance flow field structure,Heliyon,journal-article,https://doi.org/10.1016/j.heliyon.2024.e25296,non-axisymmetric tip clearance rotor performance,False,9,tip clearance;tip-clearance;nonuniform;rotor
crossref,doi:10.1063/1.4964858,2016,On the development of a magnetoresistive sensor for blade tip timing and blade tip clearance measurement systems,Review of Scientific Instruments,journal-article,https://doi.org/10.1063/1.4964858,tip clearance optical capacitive measurement fan blade,False,9,tip clearance;optical;capacitive;clearance measurement
crossref,doi:10.1115/91-gt-164,1991,Turbine Blade Tip Clearance Improvement,Volume 1: Turbomachinery,proceedings-article,https://doi.org/10.1115/91-gt-164,tip clearance optical capacitive measurement fan blade,False,9,tip clearance;shroud;clearance measurement;rotor
crossref,doi:10.1115/78-gt-164,1978,Turbine Blade Tip Clearance Measurement Utilizing Borescope Photography,Volume 1B: General,proceedings-article,https://doi.org/10.1115/78-gt-164,tip clearance optical capacitive measurement fan blade,False,9,tip clearance;shroud;clearance measurement;rotor
crossref,doi:10.1109/imtc.2002.1007093,,Capacitive blade tip clearance measurements for a micro gas turbine,IMTC/2002. Proceedings of the 19th IEEE Instrumentation and Measurement Technology Conference (IEEE Cat. No.00CH37276),proceedings-article,https://doi.org/10.1109/imtc.2002.1007093,tip clearance optical capacitive measurement fan blade,False,8,tip clearance;capacitive;clearance measurement
crossref,doi:10.1115/96-ta-001,1996,Review of Progress in the Development of Capacitive Sensors for Blade Tip Clearance Measurement,ASME 1996 Turbo Asia Conference,proceedings-article,https://doi.org/10.1115/96-ta-001,tip clearance optical capacitive measurement fan blade,False,8,tip clearance;capacitive;clearance measurement
crossref,doi:10.1088/0957-0233/11/7/303,2000,Techniques for blade tip clearance measurements with capacitive probes,Measurement Science and Technology,journal-article,https://doi.org/10.1088/0957-0233/11/7/303,tip clearance optical capacitive measurement fan blade,False,8,tip clearance;capacitive;clearance measurement
crossref,doi:10.1115/gt2004-53563,2004,The Measurement of Turbomachinery Blade Vibration Through Tip Timing With Capacitance Tip Clearance Probes,Volume 2: Turbo Expo 2004,proceedings-article,https://doi.org/10.1115/gt2004-53563,tip clearance optical capacitive measurement fan blade,False,8,tip clearance;optical;clearance measurement;rotor
crossref,doi:10.1243/jmes_jour_1974_016_070_02,1974,Theoretical Studies of Tip Clearance and Radial Variation of Blade Loading on the Operation of Ducted Fans and Propellers,Journal of Mechanical Engineering Science,journal-article,https://doi.org/10.1243/jmes_jour_1974_016_070_02,ducted fan tip clearance ovality,False,8,tip clearance;ducted fan;ducted;rotor;propeller
crossref,doi:10.1115/gt2011-46356,2011,Tip Clearance Investigation of a Ducted Fan Used in VTOL UAVS: Part 1—Baseline Experiments and Computational Validation,"Volume 7: Turbomachinery, Parts A, B, and C",proceedings-article,https://doi.org/10.1115/gt2011-46356,ducted fan non-uniform tip clearance experimental,False,8,tip clearance;ducted fan;ducted;rotor;propeller
crossref,doi:10.1115/1.4023468,2013,Tip Clearance Investigation of a Ducted Fan Used in VTOL Unmanned Aerial Vehicles—Part I: Baseline Experiments and Computational Validation,Journal of Turbomachinery,journal-article,https://doi.org/10.1115/1.4023468,ducted fan non-uniform tip clearance experimental,False,8,tip clearance;ducted fan;ducted;rotor;propeller
crossref,doi:10.1115/94-gt-040,1994,A Blade by Blade Tip Clearance Measurement System for Gas Turbine Applications,"Volume 5: Manufacturing Materials and Metallurgy; Ceramics; Structures and Dynamics; Controls, Diagnostics and Instrumentation; Education; General",proceedings-article,https://doi.org/10.1115/94-gt-040,tip clearance optical capacitive measurement fan blade,False,7,tip clearance;clearance measurement;rotor
crossref,doi:10.1115/1.2814098,1995,A Blade-by-Blade Tip Clearance Measurement System for Gas Turbine Applications,Journal of Engineering for Gas Turbines and Power,journal-article,https://doi.org/10.1115/1.2814098,tip clearance optical capacitive measurement fan blade,False,7,tip clearance;clearance measurement;rotor
crossref,doi:10.1088/1361-6501/ad915f,2024,Blade tip clearance measurement method based on blade tip timing without the once per revolution sensor,Measurement Science and Technology,journal-article,https://doi.org/10.1088/1361-6501/ad915f,tip clearance optical capacitive measurement fan blade,False,7,tip clearance;clearance measurement;rotor
crossref,doi:10.3389/fphy.2022.1036485,2022,Dynamic and high-speed measurement system for blade tip clearance of engine with optical comb,Frontiers in Physics,journal-article,https://doi.org/10.3389/fphy.2022.1036485,tip clearance optical capacitive measurement fan blade,False,7,tip clearance;optical;clearance measurement
crossref,doi:10.1115/89-gt-82,1989,Effects of Tip Clearance of Nozzle Vanes on Performance of Radial Turbine Rotor,Volume 1: Turbomachinery,proceedings-article,https://doi.org/10.1115/89-gt-82,non-axisymmetric tip clearance rotor performance,False,7,tip clearance;tip-clearance;rotor
crossref,doi:10.1088/1742-6596/2820/1/012030,2024,Feasibility verification of a vertically foldable propeller,Journal of Physics: Conference Series,journal-article,https://doi.org/10.1088/1742-6596/2820/1/012030,foldable duct propeller rotor,False,7,foldable;folding;rotor;propeller
crossref,doi:10.4050/vfs-f66-000338,2010,Influence of Tip Clearance and Inlet Flow Distortion on Ducted Fan Performance in VTOL UAVs,"Proceedings of the Vertical Flight Society Forum 66 - Phoenix, AZ 2010",proceedings-article,https://doi.org/10.4050/vfs-f66-000338,ducted fan non-uniform tip clearance experimental,False,7,tip clearance;ducted fan;ducted;rotor
crossref,doi:10.2139/ssrn.6535738,2026,Mechanisms of Critical Tip Clearance on Aerodynamic and Aeroacoustic Performance of Electric Ducted Fan Propulsor,,posted-content,https://doi.org/10.2139/ssrn.6535738,ducted fan non-uniform tip clearance experimental,False,7,tip clearance;ducted fan;ducted;rotor
crossref,doi:10.1115/gt2018-76837,2018,Non-Uniform Tip Clearance Effects on Turbocharger Compressor Performance,Volume 2B: Turbomachinery,proceedings-article,https://doi.org/10.1115/gt2018-76837,ducted fan non-uniform tip clearance experimental,False,7,tip clearance;non-uniform;shroud
crossref,doi:10.1115/imece2016-66509,2016,Numerical Investigation of Effects of Non-Uniform Tip Clearance on Flow Field Inside a Turbine Cascade,Volume 7: Fluids Engineering,proceedings-article,https://doi.org/10.1115/imece2016-66509,ducted fan non-uniform tip clearance experimental,False,7,tip clearance;non-uniform;shroud
crossref,doi:10.1115/1.2777187,2008,Optimized Shroud Design for Axial Turbine Aerodynamic Performance,Journal of Turbomachinery,journal-article,https://doi.org/10.1115/1.2777187,segmented shroud rotor duct seam aerodynamic,False,7,tip clearance;ducted;shroud;rotor
crossref,doi:10.1088/1742-6596/2428/1/012032,2023,Research on Tip Clearance Measurement Technology of Aero-engine Blade Based on Optical Fiber Sensing System,Journal of Physics: Conference Series,journal-article,https://doi.org/10.1088/1742-6596/2428/1/012032,tip clearance optical capacitive measurement fan blade,False,7,tip clearance;optical;clearance measurement
crossref,doi:10.1115/gt2011-46359,2011,Tip Clearance Investigation of a Ducted Fan Used in VTOL UAVS: Part 2—Novel Treatments via Computational Design and Their Experimental Verification,"Volume 7: Turbomachinery, Parts A, B, and C",proceedings-article,https://doi.org/10.1115/gt2011-46359,ducted fan non-uniform tip clearance experimental,False,7,tip clearance;ducted fan;ducted;rotor
crossref,doi:10.1115/1.4023469,2013,Tip Clearance Investigation of a Ducted Fan Used in VTOL Unmanned Aerial Vehicles—Part II: Novel Treatments Via Computational Design and Their Experimental Verification,Journal of Turbomachinery,journal-article,https://doi.org/10.1115/1.4023469,ducted fan non-uniform tip clearance experimental,False,7,tip clearance;ducted fan;ducted;rotor
crossref,doi:10.1117/12.903907,2011,Turbine blade tip clearance measurements using skewed dual optical beams of tip timing,SPIE Proceedings,proceedings-article,https://doi.org/10.1117/12.903907,tip clearance optical capacitive measurement fan blade,False,7,tip clearance;optical;clearance measurement
openalex,doi:10.3390/s24185938,2024,Numerical Investigation on the Influence of Turbine Rotor Parameters on the Eddy Current Sensor for the Dynamic Blade Tip Clearance Measurement,Sensors,article,https://doi.org/10.3390/s24185938,tip clearance optical capacitive measurement fan blade,False,7,tip clearance;clearance measurement;rotor
crossref,doi:10.2322/tjsass.60.1,2017,The Effect of Tip Clearance on Performance of a Counter-Rotating Ducted Fan in a VTOL UAV,TRANSACTIONS OF THE JAPAN SOCIETY FOR AERONAUTICAL AND SPACE SCIENCES,journal-article,https://doi.org/10.2322/tjsass.60.1,ducted fan non-uniform tip clearance experimental,True,6,tip clearance;ducted fan;ducted
crossref,doi:10.1115/87-gt-229,1987,A Trade-Off Study of Rotor Tip Clearance Flow in a Turbine/Exhaust Diffuser System,Volume 1: Turbomachinery,proceedings-article,https://doi.org/10.1115/87-gt-229,non-axisymmetric tip clearance rotor performance,False,6,tip clearance;shroud;rotor
crossref,doi:10.2139/ssrn.4853205,2024,Blade Tip Clearance Measurement Method Based on Blade Tip Timing Without the Once Per Revolution Sensor,,posted-content,https://doi.org/10.2139/ssrn.4853205,tip clearance optical capacitive measurement fan blade,False,6,tip clearance;clearance measurement
crossref,doi:10.1155/2011/516128,2011,Blade by Blade Tip Clearance Measurement,International Journal of Rotating Machinery,journal-article,https://doi.org/10.1155/2011/516128,tip clearance optical capacitive measurement fan blade,False,6,tip clearance;clearance measurement
crossref,doi:10.6112/kscfe.2023.28.4.106,2023,COMPUTATIONAL ANALYSIS OF TIP CLEARANCE EFFECT ON AERODYNAMIC AND ACOUSTIC PERFORMANCE OF THE DUCTED FAN,Journal of Computational Fluids Engineering,journal-article,https://doi.org/10.6112/kscfe.2023.28.4.106,ducted fan non-uniform tip clearance experimental,False,6,tip clearance;ducted fan;ducted
crossref,doi:10.1115/96-gt-349,1996,Capacitive Measurement of Compressor and Turbine Blade Tip to Casing Running Clearance,"Volume 5: Manufacturing Materials and Metallurgy; Ceramics; Structures and Dynamics; Controls, Diagnostics and Instrumentation; Education; General",proceedings-article,https://doi.org/10.1115/96-gt-349,tip clearance optical capacitive measurement fan blade,False,6,tip clearance;capacitive;rotor
crossref,doi:10.1115/1.2817068,1997,Capacitive Measurement of Compressor and Turbine Blade Tip to Casing Running Clearance,Journal of Engineering for Gas Turbines and Power,journal-article,https://doi.org/10.1115/1.2817068,tip clearance optical capacitive measurement fan blade,False,6,tip clearance;capacitive;rotor
crossref,doi:10.2514/6.2018-4437.c1,2018,Correction: Numerical Investigation of Effects of Tip Clearance in Shrouded Turbine Rotor Blade Performance,2018 Joint Propulsion Conference,proceedings-article,https://doi.org/10.2514/6.2018-4437.c1,non-axisymmetric tip clearance rotor performance,False,6,tip clearance;shroud;rotor
crossref,doi:10.1115/94-gt-479,1994,Effect of Axially Non-Uniform Rotor Tip Clearance on the Performance of a High Speed Axial Flow Compressor Stage,Volume 1: Turbomachinery,proceedings-article,https://doi.org/10.1115/94-gt-479,ducted fan non-uniform tip clearance experimental,False,6,tip clearance;non-uniform;rotor
crossref,doi:10.2139/ssrn.4811593,2024,Impact of Non-Axisymmetric Tip Clearance on the Aerodynamic and Aeroelastic Stabilities of a Transonic Compressor,,posted-content,https://doi.org/10.2139/ssrn.4811593,non-axisymmetric tip clearance rotor performance,False,6,tip clearance;non-axisymmetric
crossref,doi:10.1016/j.measurement.2025.117103,2025,Improved installation method for Skewed-Dual-Light-Probe (SDLP) in blade tip clearance measurement,Measurement,journal-article,https://doi.org/10.1016/j.measurement.2025.117103,tip clearance optical capacitive measurement fan blade,False,6,tip clearance;clearance measurement
crossref,doi:10.1115/gt2017-63980,2017,Investigation on the Turbine Blade Tip Clearance Measurement and Active Clearance Control Based on Eddy Current Pulse-Trigger Method,Volume 7B: Structures and Dynamics,proceedings-article,https://doi.org/10.1115/gt2017-63980,tip clearance optical capacitive measurement fan blade,False,6,tip clearance;clearance measurement
crossref,doi:10.2514/6.2003-4767,2003,Modeling Performance of Turbines at Large Tip Clearance of Unshrouded Rotor Cascades,39th AIAA/ASME/SAE/ASEE Joint Propulsion Conference and Exhibit,proceedings-article,https://doi.org/10.2514/6.2003-4767,non-axisymmetric tip clearance rotor performance,False,6,tip clearance;shroud;rotor
crossref,doi:10.1109/icsens.2012.6411229,2012,New microwave sensing system for blade tip clearance measurement in gas turbines,2012 IEEE Sensors,proceedings-article,https://doi.org/10.1109/icsens.2012.6411229,tip clearance optical capacitive measurement fan blade,False,6,tip clearance;clearance measurement
crossref,doi:10.2139/ssrn.4536337,2023,Numerical Investigate on the Influence of Non-Uniform Tip Clearance on Rotor Tip Clearance Flow Filed Structure,,posted-content,https://doi.org/10.2139/ssrn.4536337,ducted fan non-uniform tip clearance experimental,False,6,tip clearance;non-uniform;rotor
crossref,doi:10.2514/6.2018-4437,2018,Numerical Investigation of Effects of Tip Clearance in Shrouded Turbine Rotor Blade Performance,2018 Joint Propulsion Conference,proceedings-article,https://doi.org/10.2514/6.2018-4437,non-axisymmetric tip clearance rotor performance,False,6,tip clearance;shroud;rotor
crossref,doi:10.1063/1.4879569,2014,On the development of a magnetoresistive sensor for blade tip timing and blade tip clearance measurement systems,AIP Conference Proceedings,proceedings-article,https://doi.org/10.1063/1.4879569,tip clearance optical capacitive measurement fan blade,False,6,tip clearance;clearance measurement
crossref,doi:10.5139/jksas.2013.41.7.516,2013,Study on Tip Clearance Effect of a Counter-Rotating Ducted Fan for VTOL UAV,Journal of the Korean Society for Aeronautical &amp; Space Sciences,journal-article,https://doi.org/10.5139/jksas.2013.41.7.516,ducted fan non-uniform tip clearance experimental,False,6,tip clearance;ducted fan;ducted
crossref,doi:10.1115/94-gt-363,1994,The Effect of Tip Clearance on a Swept Transonic Compressor Rotor,Volume 1: Turbomachinery,proceedings-article,https://doi.org/10.1115/94-gt-363,non-axisymmetric tip clearance rotor performance,False,6,tip clearance;shroud;rotor
crossref,doi:10.1063/5.0223835,2024,The investigation on vortex breakdown prior to stall in a compressor rotor with non-uniform tip clearance,Physics of Fluids,journal-article,https://doi.org/10.1063/5.0223835,ducted fan non-uniform tip clearance experimental,False,6,tip clearance;non-uniform;rotor
crossref,doi:10.2139/ssrn.5773472,2025,Tip-induced shock wave for desensitization of flow behavior to circumferentially non-uniform variations of tip clearance in a transonic compressor rotor,,posted-content,https://doi.org/10.2139/ssrn.5773472,ducted fan non-uniform tip clearance experimental,False,6,tip clearance;non-uniform;rotor
crossref,doi:10.1115/gt2007-27393,2007,Turbine Blade Tip Clearance Measurement Instrumentation,Volume 1: Turbo Expo 2007,proceedings-article,https://doi.org/10.1115/gt2007-27393,tip clearance optical capacitive measurement fan blade,False,6,tip clearance;clearance measurement
crossref,doi:10.1117/1.oe.51.8.081514,2012,Turbine blade tip clearance measurement using a skewed dual-beam fiber optic sensor,Optical Engineering,journal-article,https://doi.org/10.1117/1.oe.51.8.081514,tip clearance optical capacitive measurement fan blade,False,6,tip clearance;clearance measurement
crossref,doi:10.1115/gt2013-95255,2013,Unsteady Analysis on the Effects of Tip Clearance Height on Hot Streak Migration Across Rotor Blade Tip Clearance,Volume 6C: Turbomachinery,proceedings-article,https://doi.org/10.1115/gt2013-95255,ducted fan tip clearance ovality,False,6,tip clearance;non-uniform;rotor
crossref,doi:10.1115/1.4026805,2014,Unsteady Analysis on the Effects of Tip Clearance Height on Hot Streak Migration Across Rotor Blade Tip Clearance,Journal of Engineering for Gas Turbines and Power,journal-article,https://doi.org/10.1115/1.4026805,non-axisymmetric tip clearance rotor performance,False,6,tip clearance;nonuniform;rotor
openalex,doi:10.3390/s26103101,2026,Ceramic-Integrated Eddy Current Sensor for Blade Tip Clearance Measurement: Design and Performance Evaluation,Sensors,article,https://doi.org/10.3390/s26103101,tip clearance optical capacitive measurement fan blade,False,6,tip clearance;clearance measurement
openalex,doi:10.1115/97-gt-406,1997,Effects of Non-Axisymmetric Tip Clearance on Axial Compressor Performance and Stability,Volume 1: Aircraft Engine; Marine; Turbomachinery; Microturbines and Small Turbomachinery,conference-paper,https://doi.org/10.1115/97-gt-406,ducted fan non-uniform tip clearance experimental,False,6,tip clearance;non-axisymmetric
openalex,doi:10.3390/s25103145,2025,Experimental Verification of High-Temperature Resistance and High Resolution of Inductive Tip Clearance Measurement System,Sensors,article,https://doi.org/10.3390/s25103145,tip clearance optical capacitive measurement fan blade,False,6,tip clearance;clearance measurement
openalex,doi:10.1016/j.ast.2024.109457,2024,Impact of non-axisymmetric tip clearance on the aerodynamic and aeroelastic stabilities of a transonic compressor,Aerospace Science and Technology,article,https://doi.org/10.1016/j.ast.2024.109457,non-axisymmetric tip clearance rotor performance,False,6,tip clearance;non-axisymmetric
openalex,doi:10.1016/j.cja.2022.09.012,2022,New model-based method for aero-engine turbine blade tip clearance measurement,Chinese Journal of Aeronautics,article,https://doi.org/10.1016/j.cja.2022.09.012,ducted fan non-uniform tip clearance experimental,False,6,tip clearance;clearance measurement
openalex,doi:10.1177/09576509211047002,2021,Some effects of non-axisymmetric tip clearance layout on axial compressor aerodynamics,Proceedings of the Institution of Mechanical Engineers Part A Journal of Power and Energy,article,https://doi.org/10.1177/09576509211047002,non-axisymmetric tip clearance rotor performance,False,6,tip clearance;non-axisymmetric
openalex,doi:10.3390/app14010254,2023,Synchronous Vibration Parameter Recognition of Constant-Speed Blades Based on Blade Tip Clearance Measurement,Applied Sciences,article,https://doi.org/10.3390/app14010254,tip clearance optical capacitive measurement fan blade,False,6,tip clearance;clearance measurement
openalex,doi:10.2514/6.1999-2134,1999,Time-of-flight tip-clearance measurements,35th Joint Propulsion Conference and Exhibit,conference-paper,https://doi.org/10.2514/6.1999-2134,tip clearance optical capacitive measurement fan blade,False,6,tip-clearance;clearance measurement
openalex,doi:10.3390/s16111897,2016,Tip-Clearance Measurement in the First Stage of the Compressor of an Aircraft Engine,Sensors,article,https://doi.org/10.3390/s16111897,tip clearance optical capacitive measurement fan blade,False,6,tip-clearance;clearance measurement
arxiv,arxiv:2412.09288,2024,Explicit formulas for forced convection in a shrouded longitudinal-fin heat sink with clearance,,,https://arxiv.org/abs/2412.09288,ducted fan non-uniform tip clearance experimental,False,5,tip clearance;shroud
arxiv,arxiv:2502.21289,2025,Flow-Driven Rotor Simulations of Seyi-Chunlei Ducted Turbine,,,https://arxiv.org/abs/2502.21289,ducted fan non-uniform tip clearance experimental,False,5,tip clearance;ducted;rotor
crossref,doi:10.5957/jsr.1979.23.4.253,1979,A Model of an Axisymmetrical Ducted Propeller with Zero Tip Clearance,Journal of Ship Research,journal-article,https://doi.org/10.5957/jsr.1979.23.4.253,ducted fan non-uniform tip clearance experimental,False,5,tip clearance;ducted;propeller
crossref,doi:10.1115/1.1359212,2000,An Aerodynamic Shroud for Automotive Cooling Fans,Journal of Fluids Engineering,journal-article,https://doi.org/10.1115/1.1359212,segmented shroud rotor duct seam aerodynamic,False,5,tip clearance;shroud
crossref,doi:10.2514/6.1987-2701,1987,Ducted fan noise propagation in non-uniform flow. I - Test background and simplified model,11th Aeroacoustics Conference,proceedings-article,https://doi.org/10.2514/6.1987-2701,ducted fan non-uniform tip clearance experimental,False,5,non-uniform;ducted fan;ducted
crossref,doi:10.2514/6.1987-2702,1987,Ducted fan noise propagation in non-uniform flow. II - Wave equationsolution,11th Aeroacoustics Conference,proceedings-article,https://doi.org/10.2514/6.1987-2702,ducted fan non-uniform tip clearance experimental,False,5,non-uniform;ducted fan;ducted
crossref,doi:10.1115/tbts2013-2040,2013,Effect of Common Blade Tip Squealer Designs in Terms of Tip Clearance Loss Control,ASME 2013 Turbine Blade Tip Symposium,proceedings-article,https://doi.org/10.1115/tbts2013-2040,tip clearance optical capacitive measurement fan blade,False,5,tip clearance;shroud
crossref,doi:10.5293/kfma.2026.29.1.072,2026,Effect of Tip Clearance on Aeroacoustic Noise and Aerodynamic Performance of Ducted Propeller,The KSFM Journal of Fluid Machinery,journal-article,https://doi.org/10.5293/kfma.2026.29.1.072,ducted fan tip clearance ovality,False,5,tip clearance;ducted;propeller
crossref,doi:10.1115/1.1574822,2003,Effect of Unsteady Stator Wake—Rotor Double-Leakage Tip Clearance Flow Interaction on Time-Average Compressor Performance,Journal of Turbomachinery,journal-article,https://doi.org/10.1115/1.1574822,non-axisymmetric tip clearance rotor performance,False,5,tip clearance;ducted;rotor
crossref,doi:10.1016/j.enconman.2019.112186,2019,Effect of rotor tip clearance on the aerodynamic performance of an aerofoil-based ducted wind turbine,Energy Conversion and Management,journal-article,https://doi.org/10.1016/j.enconman.2019.112186,ducted fan non-uniform tip clearance experimental,False,5,tip clearance;ducted;rotor
crossref,doi:10.1115/gt2015-42133,2015,Effects of Nonuniform Tip Clearance on Fan Performance and Flow Field,Volume 2A: Turbomachinery,proceedings-article,https://doi.org/10.1115/gt2015-42133,ducted fan tip clearance ovality,False,5,tip clearance;nonuniform
crossref,doi:10.1016/j.ast.2026.111933,2026,Effects of different non-uniform tip clearance layouts on compressor performance and flowfield characteristics,Aerospace Science and Technology,journal-article,https://doi.org/10.1016/j.ast.2026.111933,ducted fan non-uniform tip clearance experimental,False,5,tip clearance;non-uniform
crossref,doi:10.1088/1742-6596/2707/1/012005,2024,Effects of tip clearance on non-synchronous aerodynamic excitation of compressor rotor blades,Journal of Physics: Conference Series,journal-article,https://doi.org/10.1088/1742-6596/2707/1/012005,non-axisymmetric tip clearance rotor performance,False,5,tip clearance;ducted;rotor
crossref,doi:10.1115/gt2015-43753,2015,Experimental Investigation of Unsteady Tip Clearance Flow in a Counter-Rotating Fan,Volume 1: Aircraft Engine; Fans and Blowers; Marine,proceedings-article,https://doi.org/10.1115/gt2015-43753,ducted fan non-uniform tip clearance experimental,False,5,tip clearance;ducted;rotor
crossref,doi:10.1007/s11630-022-1729-z,2022,Experimental Research on Inlet Steady Swirl Distortion in an Axial Compressor with Non-Uniform Tip Clearance,Journal of Thermal Science,journal-article,https://doi.org/10.1007/s11630-022-1729-z,ducted fan non-uniform tip clearance experimental,False,5,tip clearance;non-uniform
crossref,doi:10.1115/tbts2013-2034,2013,Experimental and Unsteady Numerical Investigation of the Tip Clearance Noise of an Axial Fan,ASME 2013 Turbine Blade Tip Symposium,proceedings-article,https://doi.org/10.1115/tbts2013-2034,ducted fan non-uniform tip clearance experimental,False,5,tip clearance;shroud
crossref,doi:10.1007/s11630-010-0007-7,2010,Experimental study of effects of one kind of tangentially non-uniform tip clearance on the flow field at an exit of a compressor cascade passage,Journal of Thermal Science,journal-article,https://doi.org/10.1007/s11630-010-0007-7,ducted fan non-uniform tip clearance experimental,False,5,tip clearance;non-uniform
crossref,doi:10.47176/jafm.17.8.2371,2024,Fast-moving Mesh Method and Its Application to Circumferential Non-uniform Tip Clearance in a Single-stage Turbine,Journal of Applied Fluid Mechanics,journal-article,https://doi.org/10.47176/jafm.17.8.2371,ducted fan non-uniform tip clearance experimental,False,5,tip clearance;non-uniform
crossref,doi:10.2139/ssrn.4738015,2024,Hovering Efficiency Optimization of Ducted Propeller with Large Blade Tip Clearance Based on Grooved Duct Configuration,,posted-content,https://doi.org/10.2139/ssrn.4738015,ducted fan non-uniform tip clearance experimental,False,5,tip clearance;ducted;propeller
crossref,doi:10.5957/pss-1997-17,1997,Implementation of a Special Procedure for Modeling the Tip Clearance Flow in a Panel Method for Ducted Propulsors,SNAME 8th Propeller and Shafting Symposium,proceedings-article,https://doi.org/10.5957/pss-1997-17,ducted fan non-uniform tip clearance experimental,False,5,tip clearance;ducted;propeller
crossref,doi:10.4028/www.scientific.net/amr.889-890.374,2014,Influence of Finite Tip Clearance on the Tip Flow Characteristics of Ducted Propeller,Advanced Materials Research,journal-article,https://doi.org/10.4028/www.scientific.net/amr.889-890.374,ducted fan non-uniform tip clearance experimental,False,5,tip clearance;ducted;propeller
crossref,doi:10.1515/ijnaoe-2015-0056,2015,Numerical investigation of tip clearance effects on the performance of ducted propeller,International Journal of Naval Architecture and Ocean Engineering,journal-article,https://doi.org/10.1515/ijnaoe-2015-0056,ducted fan tip clearance ovality,False,5,tip clearance;ducted;propeller
crossref,doi:10.1515/tjj-2023-0063,2023,Numerical investigation of tip clearance flow in a variable geometry turbine with non-uniform partial clearance,International Journal of Turbo &amp; Jet-Engines,journal-article,https://doi.org/10.1515/tjj-2023-0063,ducted fan non-uniform tip clearance experimental,False,5,tip clearance;non-uniform
crossref,doi:10.1016/j.apor.2011.07.002,2011,Numerical investigation on the performance of Wells turbine with non-uniform tip clearance for wave energy conversion,Applied Ocean Research,journal-article,https://doi.org/10.1016/j.apor.2011.07.002,ducted fan non-uniform tip clearance experimental,False,5,tip clearance;non-uniform
crossref,doi:10.1299/kikai1938.32.1691,1966,"On the Characteristics of Wing with Tip Clearance : 1st Report, The Influences of the Wing-Tip Clearance Contained within a Non-Uniform Flow",Transactions of the Japan Society of Mechanical Engineers,journal-article,https://doi.org/10.1299/kikai1938.32.1691,ducted fan non-uniform tip clearance experimental,False,5,tip clearance;non-uniform
crossref,doi:10.5957/pss-1978-011,1978,Propeller-Duct Interaction Due to Loading and Thickness Effects,SNAME Propellers '78 Symposium,proceedings-article,https://doi.org/10.5957/pss-1978-011,foldable duct propeller rotor,False,5,non-uniform;shroud;propeller
crossref,doi:10.1115/gt2004-53408,2004,The Aerodynamic Interaction of Tip Leakage and Mainstream Flows in a Fully-Ducted Axial Fan,"Volume 5: Turbo Expo 2004, Parts A and B",proceedings-article,https://doi.org/10.1115/gt2004-53408,ducted fan tip clearance ovality,False,5,tip clearance;ducted;rotor
crossref,doi:10.14710/kapal.v21i3.64772,2024,The Effect of Tip Clearance Kaplan Ducted Propeller in Offshore Supply Vessel (OSV) on Hydrodynamics,Kapal: Jurnal Ilmu Pengetahuan dan Teknologi Kelautan,journal-article,https://doi.org/10.14710/kapal.v21i3.64772,ducted fan tip clearance ovality,False,5,tip clearance;ducted;propeller
crossref,doi:10.1109/ieeeconf38699.2020.9389439,2020,Tip clearance influence on pressure fluctuation of a composite ducted propeller using two-way FSI method,Global Oceans 2020: Singapore – U.S. Gulf Coast,proceedings-article,https://doi.org/10.1109/ieeeconf38699.2020.9389439,ducted fan tip clearance ovality,False,5,tip clearance;ducted;propeller
arxiv,arxiv:2409.15822,2024,A Ducted Fan UAV for Safe Aerial Grabbing and Transfer of Multiple Loads Using Electromagnets,,,https://arxiv.org/abs/2409.15822,ducted fan non-uniform tip clearance experimental,False,4,ducted fan;ducted;propeller
crossref,doi:10.1115/gt2011-45979,2011,Aerodynamic and Aerothermal Investigation of the Flow Around an HPT Rotor Shroud: Heat Transfer and Cooling Effectiveness,"Volume 5: Heat Transfer, Parts A and B",proceedings-article,https://doi.org/10.1115/gt2011-45979,segmented shroud rotor duct seam aerodynamic,False,4,ducted;shroud;rotor
crossref,doi:10.1115/gt2011-45977,2011,Aerodynamic and Aerothermal Investigation of the Flow Around an HPT Rotor Shroud: PIV Measurements,"Volume 5: Heat Transfer, Parts A and B",proceedings-article,https://doi.org/10.1115/gt2011-45977,segmented shroud rotor duct seam aerodynamic,False,4,ducted;shroud;rotor
crossref,doi:10.1299/jsmehs.2021.58.f026,2021,Aerodynamic noise of propeller and shroud of multi-rotor drone in cross-wind conditions,The Proceedings of Conference of Hokuriku-Shinetsu Branch,journal-article,https://doi.org/10.1299/jsmehs.2021.58.f026,segmented shroud rotor duct seam aerodynamic,False,4,shroud;rotor;propeller
crossref,doi:10.1016/j.proeng.2011.08.182,2011,An optical fiber Blade Tip Clearance Sensor for Active Clearance Control Applications,Procedia Engineering,journal-article,https://doi.org/10.1016/j.proeng.2011.08.182,tip clearance optical capacitive measurement fan blade,False,4,tip clearance;optical
crossref,doi:10.1115/96-gt-114,1996,Calculation of Tip Clearance Effects in a Transonic Compressor Rotor,Volume 1: Turbomachinery,proceedings-article,https://doi.org/10.1115/96-gt-114,non-axisymmetric tip clearance rotor performance,False,4,tip clearance;rotor
crossref,doi:10.1115/1.2841340,1999,Dual-Laser Probe Measurement of Blade-Tip Clearance,Journal of Turbomachinery,journal-article,https://doi.org/10.1115/1.2841340,tip clearance optical capacitive measurement fan blade,False,4,tip clearance;rotor
crossref,doi:10.1115/1.4053597,2022,Effect of Differential Tip Clearance on the Performance of a Tandem Rotor,Journal of Turbomachinery,journal-article,https://doi.org/10.1115/1.4053597,non-axisymmetric tip clearance rotor performance,False,4,tip clearance;rotor
crossref,doi:10.1115/gt2021-59007,2021,Effect of Differential Tip Clearance on the Performance of a Tandem Rotor,Volume 2A: Turbomachinery — Axial Flow Fan and Compressor Aerodynamics,proceedings-article,https://doi.org/10.1115/gt2021-59007,non-axisymmetric tip clearance rotor performance,False,4,tip clearance;rotor
crossref,doi:10.1115/79-gt-42,1979,Effect of Rotor Tip Clearance and Configuration on Overall Performance of a 12.77-Centimeter Tip Diameter Axial-Flow Turbine,Volume 1A: Gas Turbines,proceedings-article,https://doi.org/10.1115/79-gt-42,non-axisymmetric tip clearance rotor performance,False,4,tip clearance;rotor
crossref,doi:10.1115/gt2014-26084,2014,Effect of Tip Clearance Size on the Ram-Rotor Performance,Volume 2A: Turbomachinery,proceedings-article,https://doi.org/10.1115/gt2014-26084,non-axisymmetric tip clearance rotor performance,False,4,tip clearance;rotor
crossref,doi:10.1115/gt2016-56050,2016,Effects of Double-Leakage Tip Clearance Flow on the Performance of a Compressor Stage With a Large Rotor Tip Gap,Volume 2A: Turbomachinery,proceedings-article,https://doi.org/10.1115/gt2016-56050,non-axisymmetric tip clearance rotor performance,False,4,tip clearance;rotor
crossref,doi:10.1115/1.4035521,2017,Effects of Double-Leakage Tip Clearance Flow on the Performance of a Compressor Stage With a Large Rotor Tip Gap,Journal of Turbomachinery,journal-article,https://doi.org/10.1115/1.4035521,non-axisymmetric tip clearance rotor performance,False,4,tip clearance;rotor
crossref,doi:10.1115/gt2015-42625,2015,Effects of Inlet Swirl on Hot Streak Migration Across Tip Clearance and Heat Transfer on Rotor Blade Tip,Volume 5B: Heat Transfer,proceedings-article,https://doi.org/10.1115/gt2015-42625,non-axisymmetric tip clearance rotor performance,False,4,tip clearance;rotor
crossref,doi:10.1115/gt2012-68148,2012,Effects of Rotor Tip Clearance on Tip Clearance Flow Potentially Leading to NSV in an Axial Compressor,"Volume 7: Structures and Dynamics, Parts A and B",proceedings-article,https://doi.org/10.1115/gt2012-68148,non-axisymmetric tip clearance rotor performance,False,4,tip clearance;rotor
crossref,doi:10.1115/1.2927421,1990,Effects of Tip Clearance of Nozzle Vanes on Performance of Radial Turbine Rotor,Journal of Turbomachinery,journal-article,https://doi.org/10.1115/1.2927421,non-axisymmetric tip clearance rotor performance,False,4,tip clearance;rotor
crossref,doi:10.1115/ht-fed2004-56646,2004,Experimental Investigation of the Tip Clearance Flow for an Axial Flow Fan Rotor Using a PIV System,"Volume 2, Parts A and B",proceedings-article,https://doi.org/10.1115/ht-fed2004-56646,ducted fan non-uniform tip clearance experimental,False,4,tip clearance;rotor
crossref,doi:10.1115/gt2021-59899,2021,Experimental Study on Different Tip Clearance of Low-Speed Axial Fan,Volume 2A: Turbomachinery — Axial Flow Fan and Compressor Aerodynamics,proceedings-article,https://doi.org/10.1115/gt2021-59899,ducted fan non-uniform tip clearance experimental,False,4,tip clearance;rotor
crossref,doi:10.3901/cjme.2006.03.376,2006,Experimental investigation of tip clearance flow for an axial flow fan rotor,Chinese Journal of Mechanical Engineering (English Edition),journal-article,https://doi.org/10.3901/cjme.2006.03.376,ducted fan non-uniform tip clearance experimental,False,4,tip clearance;rotor
crossref,doi:10.1115/gt2023-101865,2023,Impact of Tip Clearance Variation of Highly Loaded Tandem Blades in Axial Compressors,Volume 13A: Turbomachinery — Axial Flow Fan and Compressor Aerodynamics,proceedings-article,https://doi.org/10.1115/gt2023-101865,ducted fan tip clearance ovality,False,4,tip clearance;ducted
crossref,doi:10.1115/gt2018-75270,2018,Improvement of Steam Turbine Stage Efficiency by Controlling Rotor Shroud Leakage Flows: Part II — Effect of Axial Distance Between a Swirl Breaker and Rotor Shroud on Efficiency Improvement,"Volume 8: Microturbines, Turbochargers, and Small Turbomachines; Steam Turbines",proceedings-article,https://doi.org/10.1115/gt2018-75270,segmented shroud rotor duct seam aerodynamic,False,4,ducted;shroud;rotor
crossref,doi:10.1115/gt2009-59134,2009,Non-Axisymmetric End Wall Profiling in Transonic Compressors—Part II: Design Study of a Transonic Compressor Rotor Using Non-Axisymmetric End Walls—Optimization Strategies and Performance,"Volume 7: Turbomachinery, Parts A and B",proceedings-article,https://doi.org/10.1115/gt2009-59134,non-axisymmetric tip clearance rotor performance,False,4,non-axisymmetric;rotor
crossref,doi:10.4028/www.scientific.net/amr.860-863.1499,2013,Non-Deterministic CFD Simulations on the Effect of Uncertain Tip Clearance on an Axial Rotor Performance,Advanced Materials Research,journal-article,https://doi.org/10.4028/www.scientific.net/amr.860-863.1499,non-axisymmetric tip clearance rotor performance,False,4,tip clearance;rotor
crossref,doi:10.1115/1.0002990v,2021,Periodic Unsteadiness of Tip Clearance Vortex in an Axial Compressor Rotor,,posted-content,https://doi.org/10.1115/1.0002990v,ducted fan tip clearance ovality,False,4,tip clearance;rotor
crossref,doi:10.1115/gt2020-15167,2020,Periodic Unsteadiness of Tip Clearance Vortex in an Axial Compressor Rotor,Volume 2E: Turbomachinery,proceedings-article,https://doi.org/10.1115/gt2020-15167,ducted fan tip clearance ovality,False,4,tip clearance;rotor
crossref,doi:10.32920/ryerson.14656764.v1,2021,Study of tip clearance model effects on computational simulation costs for NASA rotor 37.,,posted-content,https://doi.org/10.32920/ryerson.14656764.v1,non-axisymmetric tip clearance rotor performance,False,4,tip clearance;rotor
crossref,doi:10.32920/ryerson.14656764,2021,Study of tip clearance model effects on computational simulation costs for NASA rotor 37.,,posted-content,https://doi.org/10.32920/ryerson.14656764,non-axisymmetric tip clearance rotor performance,False,4,tip clearance;rotor
crossref,doi:10.4028/www.scientific.net/amr.139-141.2469,2010,Study on Effect of Rotor Vibration on Tip Clearance Variation and Fast Active Control of Tip Clearance,Advanced Materials Research,journal-article,https://doi.org/10.4028/www.scientific.net/amr.139-141.2469,non-axisymmetric tip clearance rotor performance,False,4,tip clearance;rotor
crossref,doi:10.1109/oceans.2014.7003053,2014,Study on the transit efficiency for hybrid driven underwater gliders based on a foldable propeller,2014 Oceans - St. John's,proceedings-article,https://doi.org/10.1109/oceans.2014.7003053,foldable duct propeller rotor,False,4,foldable;propeller
crossref,doi:10.36227/techrxiv.172470000.02266095/v1,2024,SynRM with Segmented Rotor: Alternative to Flux-Barrier Rotor for Small-Diameter SynRM,,posted-content,https://doi.org/10.36227/techrxiv.172470000.02266095/v1,segmented shroud rotor duct seam aerodynamic,False,4,segmented;rotor
crossref,doi:10.1115/94-gt-481,1994,The Performance of a Low Speed One and a Half Stage Axial Turbine With Varying Rotor Tip Clearance and Tip Gap Geometry,Volume 1: Turbomachinery,proceedings-article,https://doi.org/10.1115/94-gt-481,non-axisymmetric tip clearance rotor performance,False,4,tip clearance;rotor
crossref,doi:10.1115/91-gt-083,1991,The Role of Tip Clearance in High-Speed Fan Stall,Volume 1: Turbomachinery,proceedings-article,https://doi.org/10.1115/91-gt-083,ducted fan tip clearance ovality,False,4,tip clearance;rotor
crossref,doi:10.1115/gt2014-26879,2014,The Study of Tip Clearance of a Wide-Chord Fan Blade of a High Bypass Ratio Turbo-Fan Engine,Volume 7B: Structures and Dynamics,proceedings-article,https://doi.org/10.1115/gt2014-26879,ducted fan tip clearance ovality,False,4,tip clearance;rotor
crossref,doi:10.1115/98-gt-366,1998,Tip-Clearance and Secondary Flows in a Transonic Compressor Rotor,Volume 1: Turbomachinery,proceedings-article,https://doi.org/10.1115/98-gt-366,non-axisymmetric tip clearance rotor performance,False,4,tip-clearance;rotor
crossref,doi:10.1117/12.2020540,2013,Turbine-blade tip clearance and tip timing measurements using an optical fiber bundle sensor,SPIE Proceedings,proceedings-article,https://doi.org/10.1117/12.2020540,tip clearance optical capacitive measurement fan blade,False,4,tip clearance;optical
crossref,doi:10.5293/ijfms.2011.4.3.307,2011,Vortex Features in a Half-ducted Axial Fan with Large Bellmouth (Effect of Tip Clearance),International Journal of Fluid Machinery and Systems,journal-article,https://doi.org/10.5293/ijfms.2011.4.3.307,ducted fan non-uniform tip clearance experimental,False,4,tip clearance;ducted
crossref,doi:10.2514/6.2021-1500,2021,Whirl Flutter Stability of A Foldable Propeller on Flexible Nacelle using Multibody Dynamics Analysis,AIAA Scitech 2021 Forum,proceedings-article,https://doi.org/10.2514/6.2021-1500,foldable duct propeller rotor,False,4,foldable;propeller
openalex,doi:10.3390/en11092202,2018,"A Review of Tip Clearance in Propeller, Pump and Turbine",Energies,article,https://doi.org/10.3390/en11092202,ducted fan non-uniform tip clearance experimental,False,4,tip clearance;propeller
openalex,doi:10.1155/2017/4168150,2017,An Optical Fiber Measurement System for Blade Tip Clearance of Engine,International Journal of Aerospace Engineering,article,https://doi.org/10.1155/2017/4168150,tip clearance optical capacitive measurement fan blade,False,4,tip clearance;optical
openalex,doi:10.3390/pr8111338,2020,Effect of Rotor Spacing and Duct Diffusion Angle on the Aerodynamic Performances of a Counter-Rotating Ducted Fan in Hover Mode,Processes,article,https://doi.org/10.3390/pr8111338,ducted fan non-uniform tip clearance experimental,False,4,ducted fan;ducted;rotor
openalex,doi:10.1115/gt2007-28278,2007,Effects of Steady Tip Clearance Asymmetry and Rotor Whirl on Stall Inception in an Axial Compressor,,conference-paper,https://doi.org/10.1115/gt2007-28278,non-axisymmetric tip clearance rotor performance,False,4,tip clearance;rotor
openalex,doi:10.2514/6.2005-808,2005,Experimental Investigation on the Layout of Tip Clearance for an Axial-Flow Compressor Rotor,43rd AIAA Aerospace Sciences Meeting and Exhibit,conference-paper,https://doi.org/10.2514/6.2005-808,non-axisymmetric tip clearance rotor performance,False,4,tip clearance;rotor
openalex,doi:10.2514/6.2019-0007,2019,Kriging Assisted Integrated Rotor-Duct Optimization for Ducted Fan in Hover,AIAA Scitech 2019 Forum,conference-paper,https://doi.org/10.2514/6.2019-0007,ducted fan non-uniform tip clearance experimental,False,4,ducted fan;ducted;rotor
openalex,doi:10.1016/j.cja.2021.02.016,2021,Lock-in phenomenon of tip clearance flow and its influence on aerodynamic damping under specified vibration on an axial transonic compressor rotor,Chinese Journal of Aeronautics,article,https://doi.org/10.1016/j.cja.2021.02.016,ducted fan non-uniform tip clearance experimental,False,4,tip clearance;rotor
openalex,doi:10.1115/1.1314609,1999,Recommendations for Achieving Accurate Numerical Simulation of Tip Clearance Flows in Transonic Compressor Rotors,Journal of Turbomachinery,article,https://doi.org/10.1115/1.1314609,non-axisymmetric tip clearance rotor performance,False,4,tip clearance;rotor
arxiv,arxiv:2309.12552,2023,Adaptive Model Predictive Control for Engine-Driven Ducted Fan Lift Systems using an Associated Linear Parameter Varying Model,,,https://arxiv.org/abs/2309.12552,ducted fan non-uniform tip clearance experimental,False,3,ducted fan;ducted
arxiv,arxiv:2410.01310,2024,The Sound Radiated by Tip Clearances Submerged in a Boundary Layer,,,https://arxiv.org/abs/2410.01310,ducted fan non-uniform tip clearance experimental,False,3,tip clearance
crossref,doi:10.1016/j.ymssp.2024.112138,2025,A novel microwave-based dynamic measurement method for blade tip clearance through nonlinear I/Q imbalance correction,Mechanical Systems and Signal Processing,journal-article,https://doi.org/10.1016/j.ymssp.2024.112138,tip clearance optical capacitive measurement fan blade,False,3,tip clearance
crossref,doi:10.2514/6.1989-2916,1989,A technique for the measurement of blade tip clearance in a gas turbine,25th Joint Propulsion Conference,proceedings-article,https://doi.org/10.2514/6.1989-2916,tip clearance optical capacitive measurement fan blade,False,3,tip clearance
crossref,doi:10.2514/6.1983-732,1983,An evaluation of circumferentially segmented duct liners,8th Aeroacoustics Conference,proceedings-article,https://doi.org/10.2514/6.1983-732,segmented shroud rotor duct seam aerodynamic,False,3,segmented
crossref,doi:10.1036/1097-8542.206300,,Ducted fan,AccessScience,dataset,https://doi.org/10.1036/1097-8542.206300,ducted fan tip clearance ovality,False,3,ducted fan;ducted
crossref,doi:10.5353/th_b4414307,,Ducted fan noise control,,dissertation,https://doi.org/10.5353/th_b4414307,ducted fan tip clearance ovality,False,3,ducted fan;ducted
crossref,doi:10.2514/6.2005-2875,2005,Effect of Tip Clearance on Fan Noise and Aerodynamic Performance,11th AIAA/CEAS Aeroacoustics Conference,proceedings-article,https://doi.org/10.2514/6.2005-2875,ducted fan tip clearance ovality,False,3,tip clearance
crossref,doi:10.1108/00022660110408569,2001,Effects of the shroud on aerodynamic performance in helicopter shrouded tail rotor system,Aircraft Engineering and Aerospace Technology,journal-article,https://doi.org/10.1108/00022660110408569,segmented shroud rotor duct seam aerodynamic,False,3,shroud;rotor
crossref,doi:10.1115/gt2015-42624,2015,Experimental Validation of a Curtain Type Fluidic Jet Seal on a Turbine Rotor Shroud,Volume 5C: Heat Transfer,proceedings-article,https://doi.org/10.1115/gt2015-42624,segmented shroud rotor duct seam aerodynamic,False,3,shroud;rotor
crossref,doi:10.21203/rs.3.rs-1753067/v1,2022,Experimental Velocity Fields Evaluation under the Rotor/Propeller Interactions for High Speed Helicopters for Different Propeller Positions,,posted-content,https://doi.org/10.21203/rs.3.rs-1753067/v1,foldable duct propeller rotor,False,3,ducted;rotor;propeller
crossref,doi:10.1115/gt2003-38673,2003,Experimental and Computational Investigation of the Tip Clearance Flow for an Axial Ventilation Fan,"Volume 6: Turbo Expo 2003, Parts A and B",proceedings-article,https://doi.org/10.1115/gt2003-38673,ducted fan non-uniform tip clearance experimental,False,3,tip clearance
crossref,doi:10.4050/f-0082-2026-0166,2026,Impact of Propeller Design and Placement on Propeller-Driven Rotor Hover Performance and Scaling,Proceedings of the Vertical Flight Society 82nd Annual Forum and Technology Display,proceedings-article,https://doi.org/10.4050/f-0082-2026-0166,foldable duct propeller rotor,False,3,ducted;rotor;propeller
crossref,doi:10.1115/1.4041648,2018,Improvement of Steam Turbine Stage Efficiency by Controlling Rotor Shroud Leakage Flows—Part II: Effect of Axial Distance Between a Swirl Breaker and a Rotor Shroud on Efficiency Improvement,Journal of Engineering for Gas Turbines and Power,journal-article,https://doi.org/10.1115/1.4041648,segmented shroud rotor duct seam aerodynamic,False,3,shroud;rotor
crossref,doi:10.1016/j.cja.2019.04.026,2019,Investigations of tip-jet and exhaust jet development in a ducted fan,Chinese Journal of Aeronautics,journal-article,https://doi.org/10.1016/j.cja.2019.04.026,ducted fan tip clearance ovality,False,3,ducted fan;ducted
crossref,doi:10.9726/kspse.2012.16.1.044,2012,Numerical Investigation of Effects of Tip Clearance Height on Fan Performance and Tip Clearance Flow in an Axial Fan of the Cooling Tower,Journal of the Korea Society For Power System Engineering,journal-article,https://doi.org/10.9726/kspse.2012.16.1.044,ducted fan tip clearance ovality,False,3,tip clearance
crossref,doi:10.1016/j.ast.2018.05.016,2018,Numerical investigations of ducted fan aerodynamic performance with tip-jet,Aerospace Science and Technology,journal-article,https://doi.org/10.1016/j.ast.2018.05.016,ducted fan tip clearance ovality,False,3,ducted fan;ducted
crossref,doi:10.1299/jsme1958.13.542,1970,"On the Characteristics of Wing with Tip Clearance : Part 2, the Case in which the Tip Clearance is Contained within a Uniform Flow",Bulletin of JSME,journal-article,https://doi.org/10.1299/jsme1958.13.542,ducted fan non-uniform tip clearance experimental,False,3,tip clearance
crossref,doi:10.1016/s0924-4247(04)00482-0,2005,Tubomachinery blade vibration amplitude measurement through tip timing with capacitance tip clearance probes,Sensors and Actuators A: Physical,journal-article,https://doi.org/10.1016/s0924-4247(04)00482-0,tip clearance optical capacitive measurement fan blade,False,3,tip clearance
crossref,doi:10.1016/j.measurement.2019.107142,2020,Turbine blade tip clearance determination using microwave measurement and k-nearest neighbour classifier,Measurement,journal-article,https://doi.org/10.1016/j.measurement.2019.107142,tip clearance optical capacitive measurement fan blade,False,3,tip clearance
openalex,doi:10.2514/6.2010-3308,2010,A Microwave Blade Tip Clearance Sensor for Propulsion Health Monitoring,AIAA Infotech@Aerospace 2010,conference-paper,https://doi.org/10.2514/6.2010-3308,tip clearance optical capacitive measurement fan blade,False,3,tip clearance
openalex,doi:10.2514/6.2004-4176,2004,A Study on the Requirements for Fast Active Turbine Tip Clearance Control Systems,40th AIAA/ASME/SAE/ASEE Joint Propulsion Conference and Exhibit,conference-paper,https://doi.org/10.2514/6.2004-4176,non-axisymmetric tip clearance rotor performance,False,3,tip clearance
openalex,doi:10.29008/etc2011-285,2011,A computational and experimental analysis of a ducted fan used in VTOL UAV systems,Proceedings of ... European Conference on Turbomachinery Fluid Dynamics & Thermodynamics,conference-paper,https://doi.org/10.29008/etc2011-285,ducted fan non-uniform tip clearance experimental,False,3,ducted fan;ducted
openalex,doi:10.1017/jfm.2024.134,2024,Aeroacoustics of a ducted fan ingesting an adverse pressure gradient boundary layer,Journal of Fluid Mechanics,article,https://doi.org/10.1017/jfm.2024.134,ducted fan non-uniform tip clearance experimental,False,3,ducted fan;ducted
openalex,doi:10.2322/tjsass.59.47,2016,Aerodynamic Analysis of the Ducted Fan for a VTOL UAV in Crosswinds,TRANSACTIONS OF THE JAPAN SOCIETY FOR AERONAUTICAL AND SPACE SCIENCES,article,https://doi.org/10.2322/tjsass.59.47,ducted fan non-uniform tip clearance experimental,False,3,ducted fan;ducted
openalex,doi:10.1080/19942060.2023.2196327,2023,Aerodynamic analysis on unsteady characteristics of a ducted fan hovering in ceiling effect,Engineering Applications of Computational Fluid Mechanics,article,https://doi.org/10.1080/19942060.2023.2196327,ducted fan non-uniform tip clearance experimental,False,3,ducted fan;ducted
openalex,doi:10.1016/j.ast.2024.109411,2024,Aerodynamic and aeroacoustic design of electric ducted fans,Aerospace Science and Technology,article,https://doi.org/10.1016/j.ast.2024.109411,ducted fan non-uniform tip clearance experimental,False,3,ducted fan;ducted
openalex,doi:10.2514/1.c036386,2021,Double-Ducted Fan as an Effective Lip Separation Control Concept for Vertical-Takeoff-and-Landing Vehicles,Journal of Aircraft,article,https://doi.org/10.2514/1.c036386,ducted fan non-uniform tip clearance experimental,False,3,ducted fan;ducted
openalex,doi:10.1016/j.cja.2020.08.019,2020,Dual stability enhancement mechanisms of axial-slot casing treatment in a high-speed mixed-flow compressor with various tip clearances,Chinese Journal of Aeronautics,article,https://doi.org/10.1016/j.cja.2020.08.019,ducted fan non-uniform tip clearance experimental,False,3,tip clearance
openalex,https://openalex.org/W2236803213,2011,"Ducted Fan Aerodynamics and Modeling, with Applications of Steady and Synthetic Jet Flow Control",VTechWorks (Virginia Tech),dissertation,http://scholar.lib.vt.edu/theses/available/etd-05122011-155823/,ducted fan non-uniform tip clearance experimental,False,3,ducted fan;ducted
openalex,doi:10.1007/s13272-022-00573-7,2022,Ducted fans for hybrid electric propulsion of small aircraft,CEAS Aeronautical Journal,article,https://doi.org/10.1007/s13272-022-00573-7,ducted fan non-uniform tip clearance experimental,False,3,ducted fan;ducted
openalex,doi:10.3390/drones5030101,2021,Effect of Ducted Multi-Propeller Configuration on Aerodynamic Performance in Quadrotor Drone,Drones,article,https://doi.org/10.3390/drones5030101,ducted fan non-uniform tip clearance experimental,False,3,ducted;rotor;propeller
openalex,doi:10.3390/app13052787,2023,Effect of Electric Ducted Fans Structural Arrangement on Their Performance Characteristics,Applied Sciences,article,https://doi.org/10.3390/app13052787,ducted fan non-uniform tip clearance experimental,False,3,ducted fan;ducted
openalex,doi:10.1155/2011/146969,2011,Effect of Partial Shrouds on the Performance and Flow Field of a Low-Aspect-Ratio Axial-Flow Fan Rotor,International Journal of Rotating Machinery,article,https://doi.org/10.1155/2011/146969,ducted fan tip clearance ovality,False,3,shroud;rotor
openalex,doi:10.1016/j.ast.2024.109281,2024,Effect of non-uniform circumferential spallation of seal coating on the aerodynamic performance in a transonic axial rotor: A steady numerical simulation,Aerospace Science and Technology,article,https://doi.org/10.1016/j.ast.2024.109281,non-axisymmetric tip clearance rotor performance,False,3,non-uniform;rotor
openalex,https://openalex.org/W2226784241,1996,Effects of asymmetric tip clearance on compressor performance and stability,DSpace@MIT (Massachusetts Institute of Technology),dissertation,http://hdl.handle.net/1721.1/46459,non-axisymmetric tip clearance rotor performance,False,3,tip clearance
openalex,https://openalex.org/W1535317132,1996,Effects of asymmetric tip clearance on compressor stability,DSpace@MIT (Massachusetts Institute of Technology),dissertation,http://hdl.handle.net/1721.1/28162,ducted fan non-uniform tip clearance experimental,False,3,tip clearance
openalex,doi:10.1155/2020/9041686,2020,Experimental Study of Pressure Pulsation in a Mixed-Flow Pump with Different Tip Clearances Based on Wavelet Analysis,Shock and Vibration,article,https://doi.org/10.1155/2020/9041686,non-axisymmetric tip clearance rotor performance,False,3,tip clearance
openalex,doi:10.3390/pr7120935,2019,Experimental and Numerical Investigation on the Tip Leakage Vortex Cavitation in an Axial Flow Pump with Different Tip Clearances,Processes,article,https://doi.org/10.3390/pr7120935,non-axisymmetric tip clearance rotor performance,False,3,tip clearance
openalex,doi:10.1007/s13272-021-00517-7,2021,Experimental and numerical studies on small contra-rotating electrical ducted fan engines,CEAS Aeronautical Journal,article,https://doi.org/10.1007/s13272-021-00517-7,ducted fan non-uniform tip clearance experimental,False,3,ducted fan;ducted
openalex,doi:10.1016/j.ijthermalsci.2018.05.036,2018,Experimental and numerical study on the flow topology of finned heat sinks with tip clearance,International Journal of Thermal Sciences,article,https://doi.org/10.1016/j.ijthermalsci.2018.05.036,ducted fan non-uniform tip clearance experimental,False,3,tip clearance
openalex,https://openalex.org/W2158119673,2008,Fiber optic laser Doppler distance sensor for in-situ tip clearance and vibrationmonitoring of turbo machines,elib (German Aerospace Center),conference-paper,https://elib.dlr.de/54832/,tip clearance optical capacitive measurement fan blade,False,3,tip clearance
openalex,https://openalex.org/W1646579793,2008,Hover and wind-tunnel testing of shrouded rotors for improved micro air vehicle design,University Libraries (University of Maryland),dissertation,http://hdl.handle.net/1903/8752,ducted fan non-uniform tip clearance experimental,False,3,shroud;rotor
openalex,doi:10.3390/en12214066,2019,Influence of T-Shape Tip Clearance on Energy Performance and Broadband Noise for a NACA0009 Hydrofoil,Energies,article,https://doi.org/10.3390/en12214066,ducted fan non-uniform tip clearance experimental,False,3,tip clearance
openalex,https://openalex.org/W856386761,2008,Microwave Sensor for Blade Tip Clearance and Structural Health Measurements,NASA STI Repository (National Aeronautics and Space Administration),article,http://hdl.handle.net/2060/20080047680,tip clearance optical capacitive measurement fan blade,False,3,tip clearance
openalex,doi:10.1115/gt2017-63082,2017,Non-Axisymmetric Stator Design for Boundary Layer Ingesting Fans,,conference-paper,https://doi.org/10.1115/gt2017-63082,ducted fan non-uniform tip clearance experimental,False,3,non-axisymmetric
openalex,doi:10.1115/gt2014-25364,2014,Non-Axisymmetric Turbine Endwall Aerodynamic Optimization Design: Part II — Turbine Stage Design and Unsteady Flow Characteristics Analysis,,conference-paper,https://doi.org/10.1115/gt2014-25364,non-axisymmetric tip clearance rotor performance,False,3,non-axisymmetric
openalex,doi:10.1080/19942060.2021.1883115,2021,Numerical and experimental investigations on non-axisymmetric D-type inlet nozzle for a squirrel-cage fan,Engineering Applications of Computational Fluid Mechanics,article,https://doi.org/10.1080/19942060.2021.1883115,ducted fan non-uniform tip clearance experimental,False,3,non-axisymmetric
openalex,doi:10.1016/j.ijnaoe.2017.09.001,2017,Numerical investigations of tip clearance flow characteristics of a pumpjet propulsor,International Journal of Naval Architecture and Ocean Engineering,article,https://doi.org/10.1016/j.ijnaoe.2017.09.001,non-axisymmetric tip clearance rotor performance,False,3,tip clearance
openalex,doi:10.1016/j.renene.2020.01.064,2020,On the effect of the tip-clearance ratio on the aeroacoustics of a diffuser-augmented wind turbine,Renewable Energy,article,https://doi.org/10.1016/j.renene.2020.01.064,ducted fan non-uniform tip clearance experimental,False,3,tip-clearance
openalex,doi:10.1109/access.2020.2980324,2020,Research on the Tip Clearance Measuring Method Based on AC Discharge,IEEE Access,article,https://doi.org/10.1109/access.2020.2980324,tip clearance optical capacitive measurement fan blade,False,3,tip clearance
openalex,doi:10.1177/09576509211056737,2021,Rotating tip clearance asymmetry and role of endwall injection in stability desensitization of a transonic fan,Proceedings of the Institution of Mechanical Engineers Part A Journal of Power and Energy,article,https://doi.org/10.1177/09576509211056737,non-axisymmetric tip clearance rotor performance,False,3,tip clearance
openalex,doi:10.2514/1.7341,2005,Test Rig for Evaluating Active Turbine Blade Tip Clearance Control Concepts,Journal of Propulsion and Power,article,https://doi.org/10.2514/1.7341,non-axisymmetric tip clearance rotor performance,False,3,tip clearance
openalex,doi:10.1016/j.ast.2023.108866,2024,The impact of second-harmonic tip clearance distributions caused by casing Ovalization and blade height variation in a large-scale compressor stage,Aerospace Science and Technology,article,https://doi.org/10.1016/j.ast.2023.108866,non-axisymmetric tip clearance rotor performance,False,3,tip clearance
openalex,doi:10.1088/2631-8695/abbae1,2020,The research on measurement and analysis method of gas turbine blade tip clearance based on empirical model,Engineering Research Express,article,https://doi.org/10.1088/2631-8695/abbae1,tip clearance optical capacitive measurement fan blade,False,3,tip clearance
openalex,doi:10.1115/1.1370163,2000,Tip Clearance Actuation With Magnetic Bearings for High-Speed Compressor Stall Control,Journal of Turbomachinery,article,https://doi.org/10.1115/1.1370163,non-axisymmetric tip clearance rotor performance,False,3,tip clearance
openalex,doi:10.1088/0957-0233/17/7/007,2006,Turbo machine tip clearance and vibration measurements using a fibre optic laser Doppler position sensor,Measurement Science and Technology,article,https://doi.org/10.1088/0957-0233/17/7/007,tip clearance optical capacitive measurement fan blade,False,3,tip clearance
openalex,https://openalex.org/W1602586297,1991,Vortical structures in turbomachinery tip clearance flows,DSpace@MIT (Massachusetts Institute of Technology),dissertation,http://hdl.handle.net/1721.1/43153,non-axisymmetric tip clearance rotor performance,False,3,tip clearance
arxiv,arxiv:0703014,2007,Asymptotic Capacity Bounds for Wireless Networks with Non-Uniform Traffic,,,https://arxiv.org/abs/0703014,ducted fan non-uniform tip clearance experimental,False,2,non-uniform
arxiv,arxiv:2507.01150,2025,Computational Insights into Orthotropic Fracture: Crack-Tip Fields in Strain-Limiting Materials under Non-Uniform Loads,,,https://arxiv.org/abs/2507.01150,ducted fan non-uniform tip clearance experimental,False,2,non-uniform
arxiv,arxiv:1208.6396,2012,Design and Experimental Validation of a Ducted Counter-rotating Axial-flow Fans System,,,https://arxiv.org/abs/1208.6396,ducted fan non-uniform tip clearance experimental,False,2,ducted;rotor
arxiv,arxiv:2206.00313,2022,High-Order Large-Eddy Simulations of a Wind Turbine in Ducted and Open-Rotor Configurations,,,https://arxiv.org/abs/2206.00313,ducted fan non-uniform tip clearance experimental,False,2,ducted;rotor
arxiv,arxiv:1801.03211,2018,Investigation on the performance of a ducted propeller in oblique flow,,,https://arxiv.org/abs/1801.03211,ducted fan non-uniform tip clearance experimental,False,2,ducted;propeller
arxiv,arxiv:1107.5228,2011,"Non-Uniform Cellular Automata: classes, dynamics, and decidability",,,https://arxiv.org/abs/1107.5228,ducted fan non-uniform tip clearance experimental,False,2,non-uniform
arxiv,arxiv:1711.02318,2017,Non-uniform time-scaling of Carnatic music transients,,,https://arxiv.org/abs/1711.02318,ducted fan non-uniform tip clearance experimental,False,2,non-uniform
arxiv,arxiv:2002.06577,2020,Regulated State Synchronization for Discrete-Time Homogeneous Networks of Non-Introspective Agents in Presence of Unknown Non-Uniform Input Delays: A Scale-Free Protocol Design (with a general MATLAB implementation),,,https://arxiv.org/abs/2002.06577,ducted fan non-uniform tip clearance experimental,False,2,non-uniform
arxiv,arxiv:0609757,2006,Statics of non uniform Josephson junction parallel arrays: model vs. experiment,,,https://arxiv.org/abs/0609757,ducted fan non-uniform tip clearance experimental,False,2,non-uniform
arxiv,arxiv:2607.15300,2026,Theory and Computation of Discrete Sturm--Liouville Problems on Non-Uniform Grids via the Prüfer Transformation,,,https://arxiv.org/abs/2607.15300,ducted fan non-uniform tip clearance experimental,False,2,non-uniform
arxiv,arxiv:1812.11921,2018,Transfer operators and dimension of bad sets for non-uniform Fuchsian lattices,,,https://arxiv.org/abs/1812.11921,ducted fan non-uniform tip clearance experimental,False,2,non-uniform
arxiv,arxiv:2005.00852,2020,Unconditional finite amplitude stability of a viscoelastic fluid in a mechanically isolated vessel with spatially non-uniform wall temperature,,,https://arxiv.org/abs/2005.00852,ducted fan non-uniform tip clearance experimental,False,2,non-uniform
crossref,doi:10.1109/tim.2025.3561389,2025,A High-Precision Measurement Method for Blade Tip Vibration and Clearance Based on Capacitive Sensor,IEEE Transactions on Instrumentation and Measurement,journal-article,https://doi.org/10.1109/tim.2025.3561389,tip clearance optical capacitive measurement fan blade,False,2,capacitive
crossref,doi:10.5957/pss-2009-07,2009,A Method for the Prediction of Rotor/Stator Interaction Applications to 2-D Hydrofoils and Propeller,SNAME 12th Propeller and Shafting Symposium,proceedings-article,https://doi.org/10.5957/pss-2009-07,foldable duct propeller rotor,False,2,rotor;propeller
crossref,doi:10.2514/6.1986-1894,1986,A study of the rotor/rotor interaction tones from a contra-rotating propeller driven aircraft,10th Aeroacoustics Conference,proceedings-article,https://doi.org/10.2514/6.1986-1894,foldable duct propeller rotor,False,2,rotor;propeller
crossref,doi:10.1155/2024/2295279,2024,Aerodynamic Optimization Design of Duct Body Structure for Coaxial Rotor Unmanned Aerial Vehicles,International Journal of Aerospace Engineering,journal-article,https://doi.org/10.1155/2024/2295279,segmented shroud rotor duct seam aerodynamic,False,2,ducted;rotor
crossref,doi:10.1115/gt2013-95572,2013,Aerodynamic Origin of Rotor-Rotor Interaction Noise From Unducted Propulsors,Volume 6C: Turbomachinery,proceedings-article,https://doi.org/10.1115/gt2013-95572,segmented shroud rotor duct seam aerodynamic,False,2,ducted;rotor
crossref,doi:10.2514/6.1986-1964,1986,Broadband propeller noise prediction in the plane of the rotor,10th Aeroacoustics Conference,proceedings-article,https://doi.org/10.2514/6.1986-1964,foldable duct propeller rotor,False,2,rotor;propeller
crossref,doi:10.21236/ad0102197,1956,DUCTED PROPELLER ASSAULT TRANSPORT STUDY. DUCT AND PROPELLER ANALYSIS,,report,https://doi.org/10.21236/ad0102197,foldable duct propeller rotor,False,2,ducted;propeller
crossref,doi:10.12783/dtetr/icmm2017/20338,2018,Design of Propeller Duct for Small Multi-Rotor Aircraft,DEStech Transactions on Engineering and Technology Research,journal-article,https://doi.org/10.12783/dtetr/icmm2017/20338,foldable duct propeller rotor,False,2,rotor;propeller
crossref,doi:10.2514/6.2026-111696,2026,Development of 3D printed Propeller Driven Rotor Blades,2026 Regional Student Conferences,proceedings-article,https://doi.org/10.2514/6.2026-111696,foldable duct propeller rotor,False,2,rotor;propeller
crossref,doi:10.1115/ajkfluids2019-4908,2019,Development of High-Efficiency Half-Ducted Propeller Fan for Air-Conditioners by Blade Tip Shape Modification,Volume 3B: Fluid Applications and Systems,proceedings-article,https://doi.org/10.1115/ajkfluids2019-4908,ducted fan tip clearance ovality,False,2,ducted;propeller
crossref,doi:10.2514/6.2026-115427,2026,Development of a Free-Flying Propeller Driven Rotor Unmanned Aerial System,2026 Regional Student Conferences,proceedings-article,https://doi.org/10.2514/6.2026-115427,foldable duct propeller rotor,False,2,rotor;propeller
crossref,doi:10.2514/5.9781600865183.0397.0414,1976,Duct Acoustics: Acoustic Wave Propagation in a Lined Duct with Nonuniform Admittance,Aeroacoustics: Fan Noise and Control; Duct Acoustics; Rotor Noise,book-chapter,https://doi.org/10.2514/5.9781600865183.0397.0414,segmented shroud rotor duct seam aerodynamic,False,2,nonuniform
crossref,doi:10.2139/ssrn.4679893,2023,Experimental Investigation of Propeller Noise Control by Turbulence Grids Inserting between Rotor and Stator,,posted-content,https://doi.org/10.2139/ssrn.4679893,foldable duct propeller rotor,False,2,rotor;propeller
crossref,doi:10.1115/1.0002633v,2021,Investigations Into Aerodynamic Performance of Turbine Stages With Flexible Shroud Seals,,posted-content,https://doi.org/10.1115/1.0002633v,segmented shroud rotor duct seam aerodynamic,False,2,shroud
crossref,doi:10.2139/ssrn.4671509,2023,Modular Propeller-Wing Interaction Modeling Method for Tilt-Rotor Aircraft,,posted-content,https://doi.org/10.2139/ssrn.4671509,foldable duct propeller rotor,False,2,rotor;propeller
crossref,doi:10.2514/6.1976-560,1976,Noise produced by turbulent flow into a propeller or helicopter rotor,3rd Aeroacoustics Conference,proceedings-article,https://doi.org/10.2514/6.1976-560,foldable duct propeller rotor,False,2,rotor;propeller
crossref,doi:10.1007/s40997-021-00457-x,2021,Numerical Investigation of Significance of Duct Angle of Attack and Duct Position in a Ducted Propeller in the Presence of Propeller Boss Cap Fin,"Iranian Journal of Science and Technology, Transactions of Mechanical Engineering",journal-article,https://doi.org/10.1007/s40997-021-00457-x,foldable duct propeller rotor,False,2,ducted;propeller
crossref,doi:10.2478/v10012-008-0048-y,2009,On the modelling of aerodynamic force coefficients for over-shroud seals of turbine stages,Polish Maritime Research,journal-article,https://doi.org/10.2478/v10012-008-0048-y,segmented shroud rotor duct seam aerodynamic,False,2,shroud
crossref,doi:10.1016/b978-0-443-19112-1.00017-5,2024,Propeller and open rotor noise,Aeroacoustics of Low Mach Number Flows,book-chapter,https://doi.org/10.1016/b978-0-443-19112-1.00017-5,foldable duct propeller rotor,False,2,rotor;propeller
crossref,doi:10.1063/5.0056383,2021,Propeller–duct interaction on the wake dynamics of a ducted propeller,Physics of Fluids,journal-article,https://doi.org/10.1063/5.0056383,foldable duct propeller rotor,False,2,ducted;propeller
crossref,doi:10.2514/5.9781600865183.0583.0600,1976,Rotor Noise: V/STOL Rotor and Propeller Noise: Its Prediction and Analysis of Its Aural Characteristics,Aeroacoustics: Fan Noise and Control; Duct Acoustics; Rotor Noise,book-chapter,https://doi.org/10.2514/5.9781600865183.0583.0600,foldable duct propeller rotor,False,2,rotor;propeller
crossref,doi:10.2514/5.9781600865190.0583.0600,1976,Rotor Noise: V/STOL Rotor and Propeller Noise: Its Prediction and Analysis of Its Aural Characteristics,Aeroacoustics: STOL Noise: Airframe and Airfoil Noise,book-chapter,https://doi.org/10.2514/5.9781600865190.0583.0600,foldable duct propeller rotor,False,2,rotor;propeller
crossref,doi:10.2514/6.2020-2676,2020,Rotor/Propeller Model Fidelity Effects on Propeller-Wing Interactional Aerodynamics,AIAA AVIATION 2020 FORUM,proceedings-article,https://doi.org/10.2514/6.2020-2676,foldable duct propeller rotor,False,2,rotor;propeller
crossref,doi:10.1201/9780429428364-5,2018,The propeller (rotor),Optimizing Small Multi-Rotor Unmanned Aircraft,book-chapter,https://doi.org/10.1201/9780429428364-5,foldable duct propeller rotor,False,2,rotor;propeller
crossref,doi:10.1299/transjsme.2014fe0024,2014,Three-dimensional structure of tip vortex in a half-ducted propeller fan,Transactions of the JSME (in Japanese),journal-article,https://doi.org/10.1299/transjsme.2014fe0024,ducted fan tip clearance ovality,False,2,ducted;propeller
openalex,doi:10.5194/wes-3-221-2018,2018,Ducted wind turbine optimization and sensitivity to rotor position,Wind energy science,article,https://doi.org/10.5194/wes-3-221-2018,non-axisymmetric tip clearance rotor performance,False,2,ducted;rotor
openalex,doi:10.3390/ijtpp9030026,2024,Experimental Investigation of an Efficient and Lightweight Designed Counter-Rotating Shrouded Fan Stage,International Journal of Turbomachinery Propulsion and Power,article,https://doi.org/10.3390/ijtpp9030026,tip clearance optical capacitive measurement fan blade,False,2,shroud
openalex,doi:10.1002/admt.202401431,2025,Fully 3D Printed Capacitive Bending Sensor Enabled by 3D Structuring,Advanced Materials Technologies,article,https://doi.org/10.1002/admt.202401431,tip clearance optical capacitive measurement fan blade,False,2,capacitive
openalex,doi:10.1063/5.0207621,2024,Impact of blade shape on the aerodynamic performance and turbulent jet dynamics produced by a ducted rotor,Physics of Fluids,article,https://doi.org/10.1063/5.0207621,non-axisymmetric tip clearance rotor performance,False,2,ducted;rotor
openalex,doi:10.1115/90-gt-091,1990,Measuring Rotor and Blade Dynamics Using an Optical Blade Tip Sensor,,conference-paper,https://doi.org/10.1115/90-gt-091,tip clearance optical capacitive measurement fan blade,False,2,optical;rotor
openalex,doi:10.3390/en13226081,2020,Numerical Investigation on Flow Field Distribution of Eccentric Compressors Based on Steady and Unsteady CFD Methods,Energies,article,https://doi.org/10.3390/en13226081,ducted fan tip clearance ovality,False,2,eccentric
openalex,doi:10.1016/j.ast.2023.108846,2023,On the aerodynamic performance of redundant propellers for multi-rotor eVTOL in cruise,Aerospace Science and Technology,article,https://doi.org/10.1016/j.ast.2023.108846,foldable duct propeller rotor,False,2,rotor;propeller
openalex,doi:10.1115/gt2007-27915,2007,Optimized Shroud Design for Axial Turbine Aerodynamic Performance,,conference-paper,https://doi.org/10.1115/gt2007-27915,non-axisymmetric tip clearance rotor performance,False,2,shroud
openalex,doi:10.3390/jmse6010027,2018,Prediction of the Open-Water Performance of Ducted Propellers with a Panel Method,Journal of Marine Science and Engineering,article,https://doi.org/10.3390/jmse6010027,ducted fan non-uniform tip clearance experimental,False,2,ducted;propeller
openalex,doi:10.1051/matecconf/201712601002,2017,Quadcopter thrust optimization with ducted-propeller,MATEC Web of Conferences,conference-paper,https://doi.org/10.1051/matecconf/201712601002,foldable duct propeller rotor,False,2,ducted;propeller
openalex,doi:10.3390/jmse11091708,2023,Research on Aerodynamic Characteristics of a Ducted Propeller Hovering near the Water Surface Based on a Lattice Boltzmann Method,Journal of Marine Science and Engineering,article,https://doi.org/10.3390/jmse11091708,foldable duct propeller rotor,False,2,ducted;propeller
openalex,doi:10.31390/gradschool_theses.2030,2016,"The Design, Fabrication, and Validation of a Film Cooled Rotating Turbine Cascade with an Actively Cooled Shroud in a Closed Loop Wind Tunnel",,dissertation,https://doi.org/10.31390/gradschool_theses.2030,segmented shroud rotor duct seam aerodynamic,False,2,shroud
openalex,doi:10.3390/en10010038,2017,Theoretical Analysis of Shrouded Horizontal Axis Wind Turbines,Energies,article,https://doi.org/10.3390/en10010038,foldable duct propeller rotor,False,2,shroud
arxiv,arxiv:2411.13492,2024,CFD-based design optimization of a 5 kW ducted hydrokinetic turbine with practical constraints,,,https://arxiv.org/abs/2411.13492,ducted fan non-uniform tip clearance experimental,False,1,ducted
arxiv,arxiv:1404.6382,2014,Determination of the characteristics of a linear ducted sound source,,,https://arxiv.org/abs/1404.6382,ducted fan non-uniform tip clearance experimental,False,1,ducted
arxiv,arxiv:2606.27338,2026,Jet impingement cooling with multi-stage ducted electroaerodynamic actuators,,,https://arxiv.org/abs/2606.27338,ducted fan non-uniform tip clearance experimental,False,1,ducted
arxiv,arxiv:2212.00159,2022,Resolving stress state at crack tip to elucidate nature of elastomeric fracture,,,https://arxiv.org/abs/2212.00159,ducted fan non-uniform tip clearance experimental,False,1,optical
arxiv,arxiv:1902.04963,2019,The tear turnover and tear clearance tests - a review,,,https://arxiv.org/abs/1902.04963,ducted fan non-uniform tip clearance experimental,False,1,optical
crossref,doi:10.2139/ssrn.4955397,2024,A Rotor Tip Assembly Clearance Prediction Method Considering Multi-Sources Uncertainties,,posted-content,https://doi.org/10.2139/ssrn.4955397,non-axisymmetric tip clearance rotor performance,False,1,rotor
crossref,doi:10.1115/97-gt-344,1997,Aerodynamic Modeling of Multistage Compressor Flowfields: Part 1 — Analysis of Rotor/Stator/Rotor Aerodynamic Interaction,Volume 1: Aircraft Engine; Marine; Turbomachinery; Microturbines and Small Turbomachinery,proceedings-article,https://doi.org/10.1115/97-gt-344,segmented shroud rotor duct seam aerodynamic,False,1,rotor
crossref,doi:10.2514/6.1998-3249,1998,Aerodynamic design of a wave rotor to high pressure turbine transition duct,34th AIAA/ASME/SAE/ASEE Joint Propulsion Conference and Exhibit,proceedings-article,https://doi.org/10.2514/6.1998-3249,segmented shroud rotor duct seam aerodynamic,False,1,rotor
crossref,doi:10.70675/4799347dz49d5z4c8fzb611zb9dcd99dcd7d,,Aerodynamic simulations of helicopter main-rotor blade tips,,dissertation,https://doi.org/10.70675/4799347dz49d5z4c8fzb611zb9dcd99dcd7d,segmented shroud rotor duct seam aerodynamic,False,1,rotor
crossref,doi:10.47191/etj/v11i05.22,2026,Analysis and Optimization of Rotor-Rotor-Structure Aerodynamic Interactions of a Quadcopter Drone using High-Fidelity CFD and Artificial Intelligence: Application to Precision Agriculture,Engineering and Technology Journal,journal-article,https://doi.org/10.47191/etj/v11i05.22,segmented shroud rotor duct seam aerodynamic,False,1,rotor
crossref,doi:10.2514/6.2015-1030,2015,Effect of Duct-Rotor Aerodynamic Interactions on Blade Design for Hover and Axial Flight,53rd AIAA Aerospace Sciences Meeting,proceedings-article,https://doi.org/10.2514/6.2015-1030,segmented shroud rotor duct seam aerodynamic,False,1,rotor
crossref,doi:10.2139/ssrn.4788345,2024,Effect of Rotor-Rotor Interactions on Unsteady Aerodynamic Loads of Coaxial Dual-Rotor Wind Turbines,,posted-content,https://doi.org/10.2139/ssrn.4788345,segmented shroud rotor duct seam aerodynamic,False,1,rotor
crossref,doi:10.70675/070e9585z83a7z4b73z8fb2z5b5084771fc7,,Experimental study of the rotor-rotor aerodynamic interaction of a counter-rotating centrifugal compressor,,dissertation,https://doi.org/10.70675/070e9585z83a7z4b73z8fb2z5b5084771fc7,segmented shroud rotor duct seam aerodynamic,False,1,rotor
crossref,doi:10.34759/vst-2020-1-7-18,2020,Fuselage and duct interference effect on maximum thrust of the air pushing propeller-duct thruster,Vestnik Moskovskogo aviatsionnogo instituta,journal-article,https://doi.org/10.34759/vst-2020-1-7-18,foldable duct propeller rotor,False,1,propeller
crossref,doi:10.25144/22726,2024,NOISE REDUCTION BY AIRINLET IN THE PROPELLER DUCT,Inter.Noise 1983,proceedings-article,https://doi.org/10.25144/22726,foldable duct propeller rotor,False,1,propeller
crossref,doi:10.31651/2076-5886-2022-1-4-18,2022,NUMERICAL METHODS FOR THE INVESTIGATION OF THE AERODYNAMIC NOISE OF A HELICOPTER ROTOR,Cherkasy University Bulletin: Applied Mathematics. Informatics,journal-article,https://doi.org/10.31651/2076-5886-2022-1-4-18,segmented shroud rotor duct seam aerodynamic,False,1,rotor
crossref,doi:10.18297/etd/237,,Numerical simulation of the aerodynamic performance of an H-rotor.,,dissertation,https://doi.org/10.18297/etd/237,segmented shroud rotor duct seam aerodynamic,False,1,rotor
crossref,doi:10.33863/cmea.v6i1.2628,2024,Pengaruh Penambahan Becker Mewis Duct pada Perfoma Propeller B-series,Proceeding Conference on Marine Engineering and its Application,proceedings-article,https://doi.org/10.33863/cmea.v6i1.2628,foldable duct propeller rotor,False,1,propeller
crossref,doi:10.1007/s00773-020-00775-w,2020,RETRACTED ARTICLE: Numerical investigation to observe combined effect of propeller boss cap fin (PBCF) and propeller duct to improve propeller efficiency,Journal of Marine Science and Technology,journal-article,https://doi.org/10.1007/s00773-020-00775-w,foldable duct propeller rotor,False,1,propeller
crossref,doi:10.2514/5.9781600865183.0615.0629,1976,Rotor Noise: Development of Experimental Techniques for the Study of Helicopter Rotor Noise,Aeroacoustics: Fan Noise and Control; Duct Acoustics; Rotor Noise,book-chapter,https://doi.org/10.2514/5.9781600865183.0615.0629,segmented shroud rotor duct seam aerodynamic,False,1,rotor
crossref,doi:10.2514/5.9781600865183.0559.0582,1976,Rotor Noise: Discrete Frequency Rotor Noise,Aeroacoustics: Fan Noise and Control; Duct Acoustics; Rotor Noise,book-chapter,https://doi.org/10.2514/5.9781600865183.0559.0582,segmented shroud rotor duct seam aerodynamic,False,1,rotor
crossref,doi:10.2514/5.9781600865183.0631.0634,1976,Rotor Noise: Panel Discussion: Rotor Noise,Aeroacoustics: Fan Noise and Control; Duct Acoustics; Rotor Noise,book-chapter,https://doi.org/10.2514/5.9781600865183.0631.0634,segmented shroud rotor duct seam aerodynamic,False,1,rotor
crossref,doi:10.2514/5.9781600865183.0539.0558,1976,Rotor Noise: Tone Noise of High-Speed Rotors,Aeroacoustics: Fan Noise and Control; Duct Acoustics; Rotor Noise,book-chapter,https://doi.org/10.2514/5.9781600865183.0539.0558,foldable duct propeller rotor,False,1,rotor
crossref,doi:10.1007/s00348-018-2668-z,2019,Rotor–duct aerodynamic and acoustic interactions at low Reynolds number,Experiments in Fluids,journal-article,https://doi.org/10.1007/s00348-018-2668-z,segmented shroud rotor duct seam aerodynamic,False,1,rotor
crossref,doi:10.2514/6.1968-962,1968,The Magnus rotor as an aerodynamic decelerator,2nd Aerodynamic Deceleration Systems Conference,proceedings-article,https://doi.org/10.2514/6.1968-962,segmented shroud rotor duct seam aerodynamic,False,1,rotor
crossref,doi:10.2139/ssrn.4864681,2024,Wind-Tunnel Experimental Investigation on Rotor-Rotor Aerodynamic Interaction in Compound Helicopter Configuration,,posted-content,https://doi.org/10.2139/ssrn.4864681,segmented shroud rotor duct seam aerodynamic,False,1,rotor
openalex,doi:10.22215/etd/2014-10450,2014,A Process for the Design and Manufacture of Propellers for Small Unmanned Aerial Vehicles,,dissertation,https://doi.org/10.22215/etd/2014-10450,foldable duct propeller rotor,False,1,propeller
openalex,doi:10.1007/s10846-021-01527-7,2022,"A Review of Quadrotor Unmanned Aerial Vehicles: Applications, Architectural Design and Control Algorithms",Journal of Intelligent & Robotic Systems,article,https://doi.org/10.1007/s10846-021-01527-7,foldable duct propeller rotor,False,1,rotor
openalex,doi:10.1155/2022/1803638,2022,A Review on Vertical Take-Off and Landing (VTOL) Tilt-Rotor and Tilt Wing Unmanned Aerial Vehicles (UAVs),Journal of Engineering,article,https://doi.org/10.1155/2022/1803638,foldable duct propeller rotor,False,1,rotor
openalex,doi:10.2514/6.1994-4296,1994,A multidisciplinary design optimization approach to sizing stopped rotor configurations utilizing reaction drive and circulation control,5th Symposium on Multidisciplinary Analysis and Optimization,conference-paper,https://doi.org/10.2514/6.1994-4296,foldable duct propeller rotor,False,1,rotor
openalex,doi:10.3390/s24227115,2024,Aerodynamic Analysis of Rotor Spacing and Attitude Transition in Tilt-Powered Coaxial Rotor UAV,Sensors,article,https://doi.org/10.3390/s24227115,foldable duct propeller rotor,False,1,rotor
openalex,doi:10.1017/aer.2025.36,2025,Aerodynamic assessment of wingtip-mounted propeller and distributed propulsion system,The Aeronautical Journal,article,https://doi.org/10.1017/aer.2025.36,foldable duct propeller rotor,False,1,propeller
openalex,doi:10.1016/j.ast.2021.107009,2021,Aerodynamic interaction between propellers of a distributed-propulsion system in forward flight,Aerospace Science and Technology,article,https://doi.org/10.1016/j.ast.2021.107009,non-axisymmetric tip clearance rotor performance,False,1,propeller
openalex,doi:10.3390/aerospace11010017,2023,An Unsteady Reynolds–Averaged Navier–Stokes–Large Eddy Simulation Study of Propeller–Airframe Interaction in Distributed Electric Propulsion,Aerospace,article,https://doi.org/10.3390/aerospace11010017,foldable duct propeller rotor,False,1,propeller
openalex,doi:10.1155/2016/9517654,2016,Autonomous Close Formation Flight Control with Fixed Wing and Quadrotor Test Beds,International Journal of Aerospace Engineering,article,https://doi.org/10.1155/2016/9517654,ducted fan tip clearance ovality,False,1,rotor
openalex,doi:10.1002/we.2388,2019,Characterization of aerodynamic performance of ducted wind turbines: A numerical study,Wind Energy,article,https://doi.org/10.1002/we.2388,ducted fan non-uniform tip clearance experimental,False,1,ducted
openalex,doi:10.3390/app10175998,2020,Dynamic Analysis of Cavitation Tip Vortex of Pump-Jet Propeller Based on DES,Applied Sciences,article,https://doi.org/10.3390/app10175998,non-axisymmetric tip clearance rotor performance,False,1,propeller
openalex,doi:10.1155/2016/8913901,2016,Effects of Duct Cross Section Camber and Thickness on the Performance of Ducted Propulsion Systems for Aeronautical Applications,International Journal of Aerospace Engineering,article,https://doi.org/10.1155/2016/8913901,ducted fan non-uniform tip clearance experimental,False,1,ducted
openalex,doi:10.29008/etc2017-100,2017,Effects of hub endwall geometry and rotor leading edge shape on performance of supersonic axial impulse turbine. Part I,Proceedings of ... European Conference on Turbomachinery Fluid Dynamics & Thermodynamics,conference-paper,https://doi.org/10.29008/etc2017-100,non-axisymmetric tip clearance rotor performance,False,1,rotor
openalex,doi:10.1016/j.jweia.2020.104174,2020,Effects of yawed inflow on the aerodynamic and aeroacoustic performance of ducted wind turbines,Journal of Wind Engineering and Industrial Aerodynamics,article,https://doi.org/10.1016/j.jweia.2020.104174,non-axisymmetric tip clearance rotor performance,False,1,ducted
openalex,doi:10.1016/j.rser.2021.111497,2021,Experimental investigation on performance improvement by mid-plane guide-vanes in a biplane-rotor Wells turbine for wave energy conversion,Renewable and Sustainable Energy Reviews,article,https://doi.org/10.1016/j.rser.2021.111497,non-axisymmetric tip clearance rotor performance,False,1,rotor
openalex,doi:10.1088/1742-6596/1037/2/022034,2018,Experimental investigation on the effect of the duct geometrical parameters on the performance of a ducted wind turbine,Journal of Physics Conference Series,conference-paper,https://doi.org/10.1088/1742-6596/1037/2/022034,non-axisymmetric tip clearance rotor performance,False,1,ducted
openalex,doi:10.1109/lra.2024.3355728,2024,High Aspect Ratio Multi-Stage Ducted Electroaerodynamic Thrusters for Micro Air Vehicle Propulsion,IEEE Robotics and Automation Letters,article,https://doi.org/10.1109/lra.2024.3355728,foldable duct propeller rotor,False,1,ducted
openalex,doi:10.1017/aer.2022.92,2022,Historical development of the coaxial contra-rotating propeller,The Aeronautical Journal,article,https://doi.org/10.1017/aer.2022.92,foldable duct propeller rotor,False,1,propeller
openalex,doi:10.1098/rsos.210402,2021,Hydroacoustic and hydrodynamic investigation of bio-inspired leading-edge tubercles on marine-ducted thrusters,Royal Society Open Science,article,https://doi.org/10.1098/rsos.210402,ducted fan non-uniform tip clearance experimental,False,1,ducted
openalex,doi:10.3390/s19071482,2019,Identification of Vibration Events in Rotating Blades Using a Fiber Optical Tip Timing Sensor,Sensors,article,https://doi.org/10.3390/s19071482,tip clearance optical capacitive measurement fan blade,False,1,optical
openalex,doi:10.47176/jafm.15.01.32753,2021,Influence of Blade Lean on Performance and Shock Wave/Tip Leakage Flow Interaction in a Transonic Compressor Rotor,Journal of Applied Fluid Mechanics,article,https://doi.org/10.47176/jafm.15.01.32753,non-axisymmetric tip clearance rotor performance,False,1,rotor
openalex,doi:10.3390/jmse11091674,2023,Influence of Load Conditions on the Propeller Wake Evolution,Journal of Marine Science and Engineering,article,https://doi.org/10.3390/jmse11091674,foldable duct propeller rotor,False,1,propeller
openalex,https://openalex.org/W850317772,2010,Integration of Rotor Aerodynamic Optimization with the Conceptual Design of a Large Civil Tiltrotor,NASA STI Repository (National Aeronautics and Space Administration),article,http://hdl.handle.net/2060/20100036641,non-axisymmetric tip clearance rotor performance,False,1,rotor
openalex,doi:10.1080/17445302.2023.2265118,2023,Marine propeller optimisation through user interaction and machine learning for advanced blade design scenarios,Ships and Offshore Structures,article,https://doi.org/10.1080/17445302.2023.2265118,foldable duct propeller rotor,False,1,propeller
openalex,doi:10.1155/2014/537813,2014,Mathematical Analysis of the Effect of Rotor Geometry on Cup Anemometer Response,The Scientific World JOURNAL,article,https://doi.org/10.1155/2014/537813,foldable duct propeller rotor,False,1,rotor
openalex,https://openalex.org/W2290685123,1995,Measurements of rotor stalling in a matched and a mismatched multistage compressor,DSpace@MIT (Massachusetts Institute of Technology),report,http://hdl.handle.net/1721.1/104764,non-axisymmetric tip clearance rotor performance,False,1,rotor
openalex,doi:10.3390/vibration7010013,2024,"Micro-Vibration Analysis, Suppression, and Isolation of Spacecraft Flywheel Rotor Systems: A Review",Vibration,article,https://doi.org/10.3390/vibration7010013,ducted fan tip clearance ovality,False,1,rotor
openalex,https://openalex.org/W2584888289,2001,Modelling and control of a twin rotor MIMO system.,"White Rose eTheses Online (University of Leeds, The University of Sheffield, University of York)",dissertation,http://etheses.whiterose.ac.uk/14820/1/341827.pdf,foldable duct propeller rotor,False,1,rotor
openalex,https://openalex.org/W261879843,2013,NDARC NASA Design and Analysis of Rotorcraft,NASA STI Repository (National Aeronautics and Space Administration),article,http://hdl.handle.net/2060/20100021405,foldable duct propeller rotor,False,1,rotor
openalex,doi:10.1007/s10846-024-02133-z,2025,Nezha-D: Dynamic Characteristics and Design of a Ducted HAUV,Journal of Intelligent & Robotic Systems,article,https://doi.org/10.1007/s10846-024-02133-z,foldable duct propeller rotor,False,1,ducted
openalex,doi:10.47176/jafm.18.2.2813,2024,Numerical Investigation on the Cavitating Flow and the Cavitation-induced Noise in the Pump-jet Propeller,Journal of Applied Fluid Mechanics,article,https://doi.org/10.47176/jafm.18.2.2813,foldable duct propeller rotor,False,1,propeller
openalex,doi:10.11575/prism/27267,2014,Passive Stabilization of VTOL Aircraft Having Obliquely Tilting Propellers,Libraries and Cultural Resources (University of Calgary),dissertation,https://doi.org/10.11575/prism/27267,foldable duct propeller rotor,False,1,propeller
openalex,doi:10.3390/s19102244,2019,Performance Comparison of Three Fibre-Based Reflective Optical Sensors for Aero Engine Monitorization,Sensors,article,https://doi.org/10.3390/s19102244,tip clearance optical capacitive measurement fan blade,False,1,optical
openalex,doi:10.1016/j.egyr.2022.02.065,2022,Prediction of operating parameters and output power of ducted wind turbine using artificial neural networks,Energy Reports,article,https://doi.org/10.1016/j.egyr.2022.02.065,ducted fan non-uniform tip clearance experimental,False,1,ducted
openalex,doi:10.20944/preprints202310.0418.v1,2023,Propeller Aerodynamic Design and Optimization,Preprints.org,preprint,https://doi.org/10.20944/preprints202310.0418.v1,foldable duct propeller rotor,False,1,propeller
openalex,doi:10.3390/electronics8121428,2019,Research on the Control Algorithm of Coaxial Rotor Aircraft based on Sliding Mode and PID,Electronics,article,https://doi.org/10.3390/electronics8121428,foldable duct propeller rotor,False,1,rotor
openalex,doi:10.20944/preprints202305.2194.v1,2023,Research on the Distributed Propeller Slipstream Effect of UAV Wing Based on the Actuator Disk Method,Preprints.org,preprint,https://doi.org/10.20944/preprints202305.2194.v1,foldable duct propeller rotor,False,1,propeller
openalex,doi:10.3390/en81010736,2015,Rotor Design for Diffuser Augmented Wind Turbines,Energies,article,https://doi.org/10.3390/en81010736,non-axisymmetric tip clearance rotor performance,False,1,rotor
openalex,doi:10.2514/6.2012-2120,2012,Rotor Inflow Noise Caused by a Boundary Layer: Inflow Measurements and Noise Predictions,,conference-paper,https://doi.org/10.2514/6.2012-2120,non-axisymmetric tip clearance rotor performance,False,1,rotor
openalex,https://openalex.org/W123476440,1982,Rotorcraft convertible engine study,NASA STI Repository (National Aeronautics and Space Administration),article,http://hdl.handle.net/2060/19830019725,ducted fan tip clearance ovality,False,1,rotor
openalex,doi:10.1016/j.jsv.2024.118771,2024,Shape considerations for the design of propellers with trailing edge serrations,Journal of Sound and Vibration,article,https://doi.org/10.1016/j.jsv.2024.118771,foldable duct propeller rotor,False,1,propeller
openalex,doi:10.1088/1755-1315/49/7/072008,2016,Simulation of air admission in a propeller hydroturbine during transient events,IOP Conference Series Earth and Environmental Science,conference-paper,https://doi.org/10.1088/1755-1315/49/7/072008,foldable duct propeller rotor,False,1,propeller
openalex,doi:10.2514/6.1982-1119,1982,Summary and recent results from the NASA advanced high-speed propeller research program,18th Joint Propulsion Conference,conference-paper,https://doi.org/10.2514/6.1982-1119,foldable duct propeller rotor,False,1,propeller
openalex,https://openalex.org/W288541222,2000,The History of the XV-15 Tilt Rotor Research Aircraft: From Concept to Flight,NASA STI Repository (National Aeronautics and Space Administration),article,http://hdl.handle.net/2060/20000027499,foldable duct propeller rotor,False,1,rotor
openalex,doi:10.1155/2013/413587,2013,Turbine Rotor Disk Health Monitoring Assessment Based on Sensor Technology and Spin Tests Data,The Scientific World JOURNAL,article,https://doi.org/10.1155/2013/413587,tip clearance optical capacitive measurement fan blade,False,1,rotor
openalex,doi:10.1111/j.1742-4658.2007.05702.x,2007,"WD‐repeat‐propeller‐FYVE protein, ProF, binds VAMP2 and protein kinase Cζ",FEBS Journal,article,https://doi.org/10.1111/j.1742-4658.2007.05702.x,foldable duct propeller rotor,False,1,propeller
arxiv,arxiv:2311.07614,2023,Application of a Dense Fusion Attention Network in Fault Diagnosis of Centrifugal Fan,,,https://arxiv.org/abs/2311.07614,ducted fan non-uniform tip clearance experimental,False,0,
arxiv,arxiv:2604.07716,2026,Breaking the KV Cache Bottleneck: Fan Duality Model Achieves O(1) Decode Memory with Superior Associative Recall,,,https://arxiv.org/abs/2604.07716,ducted fan non-uniform tip clearance experimental,False,0,
arxiv,arxiv:1701.07110,2017,By chance is not enough: Preserving relative density through non uniform sampling,,,https://arxiv.org/abs/1701.07110,ducted fan non-uniform tip clearance experimental,False,0,
arxiv,arxiv:2309.13195,2023,Enhancing Axial Flow Fan Performance in Air-Cooled Condensers: Tip Vortex Manipulators and Comparative Analysis of Numerical Simulation and Experimental Testing,,,https://arxiv.org/abs/2309.13195,ducted fan non-uniform tip clearance experimental,False,0,
arxiv,arxiv:0611451,2006,Experimental study of energy-minimizing point configurations on spheres,,,https://arxiv.org/abs/0611451,ducted fan non-uniform tip clearance experimental,False,0,
arxiv,arxiv:1404.7380,2014,Fan realizations of subword complexes and multi-associahedra via Gale duality,,,https://arxiv.org/abs/1404.7380,ducted fan non-uniform tip clearance experimental,False,0,
arxiv,arxiv:2208.05829,2022,Fan-complete Ramsey numbers,,,https://arxiv.org/abs/2208.05829,ducted fan non-uniform tip clearance experimental,False,0,
arxiv,arxiv:1401.0211,2013,Feature Augmentation via Nonparametrics and Selection (FANS) in High Dimensional Classification,,,https://arxiv.org/abs/1401.0211,ducted fan non-uniform tip clearance experimental,False,0,
arxiv,arxiv:2204.01491,2022,Fore-aft clearance controls how three-dimensional confinement affects micropropulsion,,,https://arxiv.org/abs/2204.01491,ducted fan non-uniform tip clearance experimental,False,0,
arxiv,arxiv:1210.0037,2012,"In Vivo Renal Clearance, Biodistribution, Toxicity of Gold nanoclusters",,,https://arxiv.org/abs/1210.0037,ducted fan non-uniform tip clearance experimental,False,0,
arxiv,arxiv:2402.00245,2024,"Inertial particle focusing in fluid flow through spiral ducts: dynamics, tipping phenomena and particle separation",,,https://arxiv.org/abs/2402.00245,ducted fan non-uniform tip clearance experimental,False,0,
arxiv,arxiv:2208.07488,2022,Kinodynamic control systems and discontinuities in clearance,,,https://arxiv.org/abs/2208.07488,ducted fan non-uniform tip clearance experimental,False,0,
arxiv,arxiv:2409.10670,2024,Let's Influence Algorithms Together: How Millions of Fans Build Collective Understanding of Algorithms and Organize Coordinated Algorithmic Actions,,,https://arxiv.org/abs/2409.10670,ducted fan non-uniform tip clearance experimental,False,0,
arxiv,arxiv:2606.19046,2026,Low-Rank Tensor Completion Based on Fractional Regularization with Ky Fan p-k Norm,,,https://arxiv.org/abs/2606.19046,ducted fan non-uniform tip clearance experimental,False,0,
arxiv,arxiv:1810.08816,2018,Mobile Robot Localisation and Navigation Using LEGO NXT and Ultrasonic Sensor,,,https://arxiv.org/abs/1810.08816,ducted fan non-uniform tip clearance experimental,False,0,
arxiv,arxiv:1305.0762,2013,On minimal decomposition of $p$-adic homographic dynamical systems,,,https://arxiv.org/abs/1305.0762,ducted fan non-uniform tip clearance experimental,False,0,
arxiv,arxiv:0011012,2000,On the equivalence of the Langevin and auxiliary field quantization methods for absorbing dielectrics,,,https://arxiv.org/abs/0011012,ducted fan non-uniform tip clearance experimental,False,0,
arxiv,arxiv:2012.04272,2020,Oscillatory and tip-splitting instabilities in 2D dynamic fracture: The roles of intrinsic material length and time scales,,,https://arxiv.org/abs/2012.04272,ducted fan non-uniform tip clearance experimental,False,0,
arxiv,arxiv:2211.00128,2022,SIMPLE-RC: Group Network Inference with Non-Sharp Nulls and Weak Signals,,,https://arxiv.org/abs/2211.00128,ducted fan non-uniform tip clearance experimental,False,0,
arxiv,arxiv:2306.13330,2023,Shifting numbers of abelian varieties via bounded t-structures,,,https://arxiv.org/abs/2306.13330,ducted fan non-uniform tip clearance experimental,False,0,
arxiv,arxiv:2508.18499,2025,Skeptik: A Hybrid Framework for Combating Potential Misinformation in Journalism,,,https://arxiv.org/abs/2508.18499,ducted fan non-uniform tip clearance experimental,False,0,
arxiv,arxiv:2603.08997,2026,SkipGS: Post-Densification Backward Skipping for Efficient 3DGS Training,,,https://arxiv.org/abs/2603.08997,ducted fan non-uniform tip clearance experimental,False,0,
arxiv,arxiv:1806.09249,2018,T0 Fan-out for Back-n White Neutron Facility at CSNS,,,https://arxiv.org/abs/1806.09249,ducted fan non-uniform tip clearance experimental,False,0,
arxiv,arxiv:1403.6184,2014,The Density of Fan-Planar Graphs,,,https://arxiv.org/abs/1403.6184,ducted fan non-uniform tip clearance experimental,False,0,
arxiv,arxiv:2310.02844,2023,The heart fan of an abelian category,,,https://arxiv.org/abs/2310.02844,ducted fan non-uniform tip clearance experimental,False,0,
arxiv,arxiv:2005.04051,2020,The numerical statistical fan for noisy experimental designs,,,https://arxiv.org/abs/2005.04051,ducted fan non-uniform tip clearance experimental,False,0,
arxiv,arxiv:2608.20687,2026,TopoSurfel: Closing the Loop between Gaussian Surfels and Meshes for Surface Reconstruction,,,https://arxiv.org/abs/2608.20687,ducted fan non-uniform tip clearance experimental,False,0,
arxiv,arxiv:0912.0640,2009,Totally Asymmetric Zero-Range process in the Rarefaction Fan,,,https://arxiv.org/abs/0912.0640,ducted fan non-uniform tip clearance experimental,False,0,
crossref,doi:10.3030/685636,2016,,,grant,https://doi.org/10.3030/685636,segmented shroud rotor duct seam aerodynamic,False,0,
crossref,doi:10.2514/5.9781600865183.0203.0219,1976,Aircraft Far-Field Aerodynamic Noise: Its Measurement and Prediction,Aeroacoustics: Fan Noise and Control; Duct Acoustics; Rotor Noise,book-chapter,https://doi.org/10.2514/5.9781600865183.0203.0219,segmented shroud rotor duct seam aerodynamic,False,0,
crossref,doi:10.2514/5.9781600865183.0331.0345,1976,Duct Acoustics: Attenuation of the Sound Associated with a Plane Wave in a Multisectional Duct,Aeroacoustics: Fan Noise and Control; Duct Acoustics; Rotor Noise,book-chapter,https://doi.org/10.2514/5.9781600865183.0331.0345,foldable duct propeller rotor,False,0,
crossref,doi:10.2514/5.9781600865183.0363.0370,1976,Duct Acoustics: Duct Acoustics and Acoustic Finite Element Method,Aeroacoustics: Fan Noise and Control; Duct Acoustics; Rotor Noise,book-chapter,https://doi.org/10.2514/5.9781600865183.0363.0370,segmented shroud rotor duct seam aerodynamic,False,0,
crossref,doi:10.2514/5.9781600865183.0433.0450,1976,Duct Acoustics: Effects of a Conical Segment on Sound Radiation from a Circular Duct,Aeroacoustics: Fan Noise and Control; Duct Acoustics; Rotor Noise,book-chapter,https://doi.org/10.2514/5.9781600865183.0433.0450,foldable duct propeller rotor,False,0,
crossref,doi:10.2514/5.9781600865183.0289.0306,1976,Duct Acoustics: Influence of Grazing Flow on Duct Wall Normal Impedances,Aeroacoustics: Fan Noise and Control; Duct Acoustics; Rotor Noise,book-chapter,https://doi.org/10.2514/5.9781600865183.0289.0306,segmented shroud rotor duct seam aerodynamic,False,0,
crossref,doi:10.2514/5.9781600865183.0533.0536,1976,Duct Acoustics: Panel Discussion: Duct Acoustics,Aeroacoustics: Fan Noise and Control; Duct Acoustics; Rotor Noise,book-chapter,https://doi.org/10.2514/5.9781600865183.0533.0536,segmented shroud rotor duct seam aerodynamic,False,0,
crossref,doi:10.2514/5.9781600865183.0347.0362,1976,Duct Acoustics: Sound Propagation in Curved Ducts,Aeroacoustics: Fan Noise and Control; Duct Acoustics; Rotor Noise,book-chapter,https://doi.org/10.2514/5.9781600865183.0347.0362,foldable duct propeller rotor,False,0,
crossref,doi:10.2514/5.9781600865183.0385.0395,1976,Duct Acoustics: Sparse Matrix Techniques Applied to Modal Analysis of Multisection Duct Liners,Aeroacoustics: Fan Noise and Control; Duct Acoustics; Rotor Noise,book-chapter,https://doi.org/10.2514/5.9781600865183.0385.0395,foldable duct propeller rotor,False,0,
crossref,doi:10.2514/5.9781600865183.0371.0384,1976,Duct Acoustics: Suppression of Multiple Pure Tones,Aeroacoustics: Fan Noise and Control; Duct Acoustics; Rotor Noise,book-chapter,https://doi.org/10.2514/5.9781600865183.0371.0384,foldable duct propeller rotor,False,0,
crossref,doi:10.2514/5.9781600865183.0233.0249,1976,Fan Noise and Control: Aerodynamic Sound Generation due-to the Interaction of an Unsteady Wake with a Rigid Surface,Aeroacoustics: Fan Noise and Control; Duct Acoustics; Rotor Noise,book-chapter,https://doi.org/10.2514/5.9781600865183.0233.0249,segmented shroud rotor duct seam aerodynamic,False,0,
crossref,doi:10.3403/00154732,,"Methods for aerodynamic testing of constant and variable dual or single duct boxes, single duct units and induction boxes for air distribution systems",,standard,https://doi.org/10.3403/00154732,segmented shroud rotor duct seam aerodynamic,False,0,
crossref,doi:10.3403/00154732u,,"Methods for aerodynamic testing of constant and variable dual or single duct boxes, single duct units and induction boxes for air distribution systems",,standard,https://doi.org/10.3403/00154732u,segmented shroud rotor duct seam aerodynamic,False,0,
openalex,doi:10.15226/2378-1726/6/2/00186,2019,A Comprehensive Review of Acne Vulgaris,Journal of Clinical Research in Dermatology,article,https://doi.org/10.15226/2378-1726/6/2/00186,ducted fan tip clearance ovality,False,0,
openalex,doi:10.1155/2013/526192,2013,A Critical Review of Stall Control Techniques in Industrial Fans,ISRN Mechanical Engineering,article,https://doi.org/10.1155/2013/526192,ducted fan non-uniform tip clearance experimental,False,0,
openalex,https://openalex.org/W218077219,1996,"A History of Aerospace Problems, Their Solutions, Their Lessons",NASA Technical Reports Server (NASA),article,http://hdl.handle.net/2060/19970001339,segmented shroud rotor duct seam aerodynamic,False,0,
openalex,doi:10.19080/etoaj.2021.04.555626,2021,A Literature Review of Non-Contact Tools and Methods in Structural Health Monitoring,Engineering Technology Open Access Journal,article,https://doi.org/10.19080/etoaj.2021.04.555626,tip clearance optical capacitive measurement fan blade,False,0,
openalex,doi:10.1016/s1000-9361(11)60081-2,2011,A Model to Predict Stall Inception of Transonic Axial Flow Fan/Compressors,Chinese Journal of Aeronautics,article,https://doi.org/10.1016/s1000-9361(11)60081-2,ducted fan non-uniform tip clearance experimental,False,0,
openalex,doi:10.3390/aerospace7040044,2020,"A Review of Concepts, Benefits, and Challenges for Future Electrical Propulsion-Based Aircraft",Aerospace,article,https://doi.org/10.3390/aerospace7040044,foldable duct propeller rotor,False,0,
openalex,doi:10.2514/6.2018-4998,2018,A Review of Distributed Electric Propulsion Concepts for Air Vehicle Technology,,conference-paper,https://doi.org/10.2514/6.2018-4998,foldable duct propeller rotor,False,0,
openalex,doi:10.3390/s19030711,2019,A Review of NDT/Structural Health Monitoring Techniques for Hot Gas Components in Gas Turbines,Sensors,article,https://doi.org/10.3390/s19030711,ducted fan non-uniform tip clearance experimental,False,0,
openalex,doi:10.3390/jmse10101514,2022,"A Review on Hydrodynamic Performance and Design of Pump-Jet: Advances, Challenges and Prospects",Journal of Marine Science and Engineering,article,https://doi.org/10.3390/jmse10101514,non-axisymmetric tip clearance rotor performance,False,0,
openalex,doi:10.71375/djvs.2024.02201,2024,A comprehensive review of the architecture morphology of the avian kidney : Review,Diyala Journal for Veterinary Sciences,article,https://doi.org/10.71375/djvs.2024.02201,ducted fan tip clearance ovality,False,0,
openalex,doi:10.5962/bhl.title.28957,1889,"A narrative of travels on the Amazon and Rio Negro : with an account of the native tribes, and observations on the climate, geology, and natural history of the Amazon Valley","Ward, Lock eBooks",book,https://doi.org/10.5962/bhl.title.28957,ducted fan tip clearance ovality,False,0,
openalex,doi:10.1049/smt2.12071,2021,A non‐contact gap measurement method for narrow and irregular targets using inductive planar sensors with simple calibration,IET Science Measurement & Technology,article,https://doi.org/10.1049/smt2.12071,tip clearance optical capacitive measurement fan blade,False,0,
openalex,doi:10.1371/journal.pbio.3000538,2020,A single-cell atlas of adult Drosophila ovary identifies transcriptional programs and somatic cell lineage regulating oogenesis,PLoS Biology,article,https://doi.org/10.1371/journal.pbio.3000538,ducted fan tip clearance ovality,False,0,
openalex,doi:10.14279/depositonce-5935,2017,A unified analytical approach for the acoustic conceptual design of fans of modern aero-engines,elib (German Aerospace Center),dissertation,https://doi.org/10.14279/depositonce-5935,ducted fan non-uniform tip clearance experimental,False,0,
openalex,doi:10.3844/jastsp.2017.204.223,2017,About Helicopters,Journal of Aircraft and Spacecraft Technology,article,https://doi.org/10.3844/jastsp.2017.204.223,foldable duct propeller rotor,False,0,
openalex,doi:10.2172/943932,2008,Active load control techniques for wind turbines.,,report,https://doi.org/10.2172/943932,non-axisymmetric tip clearance rotor performance,False,0,
openalex,doi:10.2172/10179018,1993,Advanced Turbine Technology Applications Project (ATTAP). Annual report 1992,,report,https://doi.org/10.2172/10179018,segmented shroud rotor duct seam aerodynamic,False,0,
openalex,doi:10.55214/25768484.v9i1.4156,2025,Aerial e-mobility perspective: Anticipated designs and operational capabilities of eVTOL urban air mobility (UAM) aircraft,Edelweiss Applied Science and Technology,article,https://doi.org/10.55214/25768484.v9i1.4156,foldable duct propeller rotor,False,0,
openalex,https://openalex.org/W1554950963,2001,Aerodynamic performance measurements of a film-cooled turbine stage,DSpace@MIT (Massachusetts Institute of Technology),dissertation,http://hdl.handle.net/1721.1/8869,tip clearance optical capacitive measurement fan blade,False,0,
openalex,doi:10.1007/s40313-021-00740-x,2021,"Aircraft Hybrid-Electric Propulsion: Development Trends, Challenges and Opportunities",Journal of Control Automation and Electrical Systems,article,https://doi.org/10.1007/s40313-021-00740-x,foldable duct propeller rotor,False,0,
openalex,https://openalex.org/W2754289445,1970,An Analysis of Flight Test Data on the C-141A Aircraft,NASA Technical Reports Server (NASA),article,http://hdl.handle.net/2060/19700022602,ducted fan tip clearance ovality,False,0,
openalex,https://openalex.org/W792388444,2003,An Overview of Autogyros and The McDonnell XV-1 Convertiplane,NASA STI Repository (National Aeronautics and Space Administration),article,http://hdl.handle.net/2060/20080022367,foldable duct propeller rotor,False,0,
openalex,https://openalex.org/W1641353555,1980,Analytical investigation of fan tone noise due to ingested atmospheric turbulence,NASA STI Repository (National Aeronautics and Space Administration),article,http://hdl.handle.net/2060/19800021654,ducted fan tip clearance ovality,False,0,
openalex,doi:10.1007/s00231-019-02803-x,2019,Assessment of the naphthalene sublimation technique for determination of convective heat transfer in fundamental and industrial applications,Heat and Mass Transfer,article,https://doi.org/10.1007/s00231-019-02803-x,ducted fan tip clearance ovality,False,0,
openalex,doi:10.1088/1538-3873/ab1d78,2019,Binospec: A Wide-field Imaging Spectrograph for the MMT,Publications of the Astronomical Society of the Pacific,article,https://doi.org/10.1088/1538-3873/ab1d78,tip clearance optical capacitive measurement fan blade,False,0,
openalex,doi:10.20381/ruor-3011,2013,Bladed Disk Crack Detection Through Advanced Analysis of Blade Passage Signals,uO Research (University of Ottawa),dissertation,https://doi.org/10.20381/ruor-3011,tip clearance optical capacitive measurement fan blade,False,0,
openalex,https://openalex.org/W805706520,1998,Broadband Fan Noise Generated by Small Scale Turbulence,NASA STI Repository (National Aeronautics and Space Administration),article,http://hdl.handle.net/2060/19980119846,ducted fan non-uniform tip clearance experimental,False,0,
openalex,doi:10.1016/j.ijnaoe.2015.10.001,2016,CFD prediction and simulation of a pumpjet propulsor,International Journal of Naval Architecture and Ocean Engineering,article,https://doi.org/10.1016/j.ijnaoe.2015.10.001,non-axisymmetric tip clearance rotor performance,False,0,
openalex,doi:10.1146/annurev-physiol-021014-071931,2014,Cilia Dysfunction in Lung Disease,Annual Review of Physiology,article,https://doi.org/10.1146/annurev-physiol-021014-071931,ducted fan non-uniform tip clearance experimental,False,0,
openalex,doi:10.1016/j.apacoust.2021.108488,2021,Combined acoustic and aerodynamic investigation of the effect of inlet geometry on tip leakage flow noise of free-inlet free-exhaust low-speed axial flow fans,Applied Acoustics,article,https://doi.org/10.1016/j.apacoust.2021.108488,ducted fan non-uniform tip clearance experimental,False,0,
openalex,doi:10.1051/aacus/2020021,2020,Computational aeroacoustics of the EAA benchmark case of an axial fan,Acta Acustica,article,https://doi.org/10.1051/aacus/2020021,ducted fan non-uniform tip clearance experimental,False,0,
openalex,doi:10.22214/ijraset.2017.11228,2017,Condition Monitoring of Low Pressure Steam Turbine Blades,International Journal for Research in Applied Science and Engineering Technology,article,https://doi.org/10.22214/ijraset.2017.11228,tip clearance optical capacitive measurement fan blade,False,0,
openalex,https://openalex.org/W7209141395,,"Cumulative Index to NASA Tech Briefs, 1963 - 1966",NASA Technical Reports Server (NASA),article,http://hdl.handle.net/2060/19670017967,segmented shroud rotor duct seam aerodynamic,False,0,
openalex,doi:10.1007/s12016-021-08859-0,2021,Current Perspectives on Severe Drug Eruption,Clinical Reviews in Allergy & Immunology,article,https://doi.org/10.1007/s12016-021-08859-0,ducted fan tip clearance ovality,False,0,
openalex,doi:10.3390/electronics11010020,2021,Design and Analysis of VTOL Operated Intercity Electrical Vehicle for Urban Air Mobility,Electronics,article,https://doi.org/10.3390/electronics11010020,foldable duct propeller rotor,False,0,
openalex,doi:10.2514/6.1978-931,1978,Design approaches to more energy efficient engines,14th Joint Propulsion Conference,conference-paper,https://doi.org/10.2514/6.1978-931,ducted fan tip clearance ovality,False,0,
openalex,doi:10.3390/s18103318,2018,Design of Amphibious Vehicle for Unmanned Mission in Water Quality Monitoring Using Internet of Things,Sensors,article,https://doi.org/10.3390/s18103318,foldable duct propeller rotor,False,0,
openalex,https://openalex.org/W2909016754,2018,"Design, development and evaluation of a distributed electric propulsion testbed aircraft",Illinois Digital Environment for Access to Learning and Scholarship (University of Illinois at Urbana-Champaign),dissertation,http://hdl.handle.net/2142/101073,segmented shroud rotor duct seam aerodynamic,False,0,
openalex,doi:10.3390/s16122202,2016,Development and Validation of a UAV Based System for Air Pollution Measurements,Sensors,article,https://doi.org/10.3390/s16122202,foldable duct propeller rotor,False,0,
openalex,doi:10.1115/gt2017-63807,2017,Development of a Combined Eddy Current and Pressure Sensor for Gas Turbine Blade Health Monitoring,"Volume 6: Ceramics; Controls, Diagnostics and Instrumentation; Education; Manufacturing Materials and Metallurgy",conference-paper,https://doi.org/10.1115/gt2017-63807,tip clearance optical capacitive measurement fan blade,False,0,
openalex,doi:10.33737/gpps20-tc-43,2020,Development of a Research Model to Study the Operability of a Variable Pitch Fan Aero Engine In Reverse Thrust,Proceedings,conference-paper,https://doi.org/10.33737/gpps20-tc-43,ducted fan tip clearance ovality,False,0,
openalex,https://openalex.org/W2920907954,2013,Development of blade tip timing techniques in turbo machinery,Research Explorer (The University of Manchester),dissertation,https://www.research.manchester.ac.uk/portal/en/theses/development-of-blade-tip-timing-techniques-in-turbo-machinery(da682144-7009-4cdc-8f52-ff7cd0cf1cf1).html,tip clearance optical capacitive measurement fan blade,False,0,
openalex,doi:10.1109/aero.2005.1559651,2005,Eddy current sensor signal processing for stall detection,,conference-paper,https://doi.org/10.1109/aero.2005.1559651,tip clearance optical capacitive measurement fan blade,False,0,
openalex,doi:10.24425/ather.2023.146556,2023,"Effect of D-shaped, reverse D-shaped and U-shaped turbulators in solar air heater on thermo-hydraulic performance",Archives of Thermodynamics,article,https://doi.org/10.24425/ather.2023.146556,ducted fan tip clearance ovality,False,0,
openalex,doi:10.29008/etc2019-178,2019,Effect of manufacturing tolerance in flow past a compressor blade,Proceedings of ... European Conference on Turbomachinery Fluid Dynamics & Thermodynamics,conference-paper,https://doi.org/10.29008/etc2019-178,ducted fan tip clearance ovality,False,0,
openalex,doi:10.1002/14651858.cd011549,2015,Endoscopic ultrasound versus magnetic resonance cholangiopancreatography for common bile duct stones,Cochrane Database of Systematic Reviews,article,https://doi.org/10.1002/14651858.cd011549,ducted fan tip clearance ovality,False,0,
openalex,https://openalex.org/W213363344,1980,Energy efficient engine: Fan test hardware detailed design report,NASA STI Repository (National Aeronautics and Space Administration),article,http://hdl.handle.net/2060/19830008070,ducted fan tip clearance ovality,False,0,
openalex,doi:10.1186/s12951-023-02145-1,2023,Exosomes from umbilical cord-derived mesenchymal stem cells combined with gelatin methacryloyl inhibit vein graft restenosis by enhancing endothelial functions,Journal of Nanobiotechnology,article,https://doi.org/10.1186/s12951-023-02145-1,ducted fan tip clearance ovality,False,0,
openalex,https://openalex.org/W848805088,1980,"Expanded study of feasibility of measuring in-flight 747/JT9D loads, performance, clearance, and thermal data",NASA STI Repository (National Aeronautics and Space Administration),article,http://hdl.handle.net/2060/19800007803,tip clearance optical capacitive measurement fan blade,False,0,
openalex,doi:10.1016/j.energy.2024.131062,2024,Experimental reconstruction of the local flow field in a Wells turbine using a three-dimensional pressure probe,Energy,article,https://doi.org/10.1016/j.energy.2024.131062,tip clearance optical capacitive measurement fan blade,False,0,
openalex,doi:10.2514/6.2002-2431,2002,Fan Noise Source Diagnostic Test- LDV Measured Flow Field Results,,conference-paper,https://doi.org/10.2514/6.2002-2431,ducted fan non-uniform tip clearance experimental,False,0,
openalex,doi:10.1115/1.4055386,2022,Fan Stability Enhancement With Partial Casing Treatments,Journal of Turbomachinery,article,https://doi.org/10.1115/1.4055386,ducted fan non-uniform tip clearance experimental,False,0,
openalex,doi:10.1007/978-1-4899-1627-3_2,1993,Feline Oncoretroviruses,,book-chapter,https://doi.org/10.1007/978-1-4899-1627-3_2,ducted fan tip clearance ovality,False,0,
openalex,https://openalex.org/W1517484335,1978,Fuel conservative aircraft engine technology,NASA STI Repository (National Aeronautics and Space Administration),article,http://hdl.handle.net/2060/19780019184,ducted fan tip clearance ovality,False,0,
openalex,doi:10.1186/2046-2530-2-6,2013,"Functional aspects of primary cilia in signaling, cell cycle and tumorigenesis",Cilia,article,https://doi.org/10.1186/2046-2530-2-6,ducted fan tip clearance ovality,False,0,
openalex,doi:10.1016/j.rser.2019.109270,2019,Future emerging technologies in the wind power sector: A European perspective,Renewable and Sustainable Energy Reviews,article,https://doi.org/10.1016/j.rser.2019.109270,foldable duct propeller rotor,False,0,
openalex,doi:10.3390/s25103059,2025,Gap Measurements in Aerospace Engineering,Sensors,article,https://doi.org/10.3390/s25103059,tip clearance optical capacitive measurement fan blade,False,0,
openalex,https://openalex.org/W753540759,1979,Glossary of terms and table of conversion factors used in design of chemical propulsion systems,NASA STI Repository (National Aeronautics and Space Administration),article,http://hdl.handle.net/2060/19800008876,segmented shroud rotor duct seam aerodynamic,False,0,
openalex,doi:10.1001/jama.1952.02930300087047,1952,Handbook of Basic Microtechnique,JAMA,article,https://doi.org/10.1001/jama.1952.02930300087047,ducted fan tip clearance ovality,False,0,
openalex,doi:10.5962/bhl.title.5894,1952,Handbook of basic microtechnique,Blakiston eBooks,book,https://doi.org/10.5962/bhl.title.5894,ducted fan tip clearance ovality,False,0,
openalex,https://openalex.org/W573498726,2001,Heat Transfer in Gas Turbines,NASA Technical Reports Server (NASA),article,http://hdl.handle.net/2060/20010071841,ducted fan tip clearance ovality,False,0,
openalex,https://openalex.org/W803743262,1978,Heave-pitch-roll analysis and testing of air cushion landing systems,NASA STI Repository (National Aeronautics and Space Administration),article,http://hdl.handle.net/2060/19790022004,ducted fan tip clearance ovality,False,0,
openalex,doi:10.1515/hsz-2021-0180,2021,Hepatic stellate cells: current state and open questions,Biological Chemistry,article,https://doi.org/10.1515/hsz-2021-0180,ducted fan tip clearance ovality,False,0,
openalex,doi:10.20944/preprints202107.0077.v1,2021,High Temperature Magnetic Sensors,Preprints.org,preprint,https://doi.org/10.20944/preprints202107.0077.v1,tip clearance optical capacitive measurement fan blade,False,0,
openalex,doi:10.2172/7318031,1977,High temperature turbine technology program. Phase I. Program and system definition. Topical report: low Btu gas combustor preliminary designs for three concepts,,report,https://doi.org/10.2172/7318031,segmented shroud rotor duct seam aerodynamic,False,0,
openalex,doi:10.1155/2020/8882858,2020,High-Precision Extraction Method for Blade Tip-Timing Signal with Eddy Current Sensor,International Journal of Rotating Machinery,article,https://doi.org/10.1155/2020/8882858,tip clearance optical capacitive measurement fan blade,False,0,
openalex,doi:10.1016/j.ast.2023.108307,2023,High-fidelity aerodynamic and acoustic design and analysis of a heavy-lift eVTOL,Aerospace Science and Technology,article,https://doi.org/10.1016/j.ast.2023.108307,foldable duct propeller rotor,False,0,
openalex,doi:10.1016/j.rser.2015.12.189,2016,"Hydrokinetic energy conversion: Technology, research, and outlook",Renewable and Sustainable Energy Reviews,article,https://doi.org/10.1016/j.rser.2015.12.189,foldable duct propeller rotor,False,0,
openalex,doi:10.1016/j.energy.2014.03.021,2014,INVELOX: Description of a new concept in wind power and its performance evaluation,Energy,article,https://doi.org/10.1016/j.energy.2014.03.021,non-axisymmetric tip clearance rotor performance,False,0,
openalex,doi:10.1593/tlo.10202,2011,Identification and Validation of Src and Phospho-Src Family Proteins in Circulating Mononuclear Cells as Novel Biomarkers for Pancreatic Cancer,Translational Oncology,article,https://doi.org/10.1593/tlo.10202,ducted fan tip clearance ovality,False,0,
openalex,https://openalex.org/W4389528906,2003,Improving Fan System Performance: A Sourcebook for Industry,University of North Texas Digital Library (University of North Texas),book,https://digital.library.unt.edu/ark:/67531/metadc1410755/,segmented shroud rotor duct seam aerodynamic,False,0,
openalex,https://openalex.org/W7209821422,,"Index to 1985 NASA Tech Briefs, volume 10, numbers 1-4",NASA Technical Reports Server (NASA),paratext,http://hdl.handle.net/2060/19920074902,segmented shroud rotor duct seam aerodynamic,False,0,
openalex,https://openalex.org/W7210173302,,"Index to NASA Tech Briefs, 1974",NASA STI Repository (National Aeronautics and Space Administration),paratext,http://hdl.handle.net/2060/19760012944,segmented shroud rotor duct seam aerodynamic,False,0,
openalex,doi:10.32604/fdmp.2022.017566,2021,Influence of the Impeller/Guide Vane Clearance Ratio on the Performances of a Nuclear Reactor Coolant Pump,Fluid dynamics & materials processing,article,https://doi.org/10.32604/fdmp.2022.017566,non-axisymmetric tip clearance rotor performance,False,0,
openalex,doi:10.2514/6.1997-1589,1997,Inlet shape effects on the far-field sound of a model fan,,conference-paper,https://doi.org/10.2514/6.1997-1589,foldable duct propeller rotor,False,0,
openalex,doi:10.1115/1.4055424,2022,InstabilitiesEverywhere!Hard Problems in Aero-Engines,Journal of Turbomachinery,article,https://doi.org/10.1115/1.4055424,ducted fan tip clearance ovality,False,0,
openalex,https://openalex.org/W2916556215,2018,Intake and exhaust position optimization in the cooling duct of diesel helicopters,Cineca Institutional Research Information System (Tor Vergata University),article,http://hdl.handle.net/2108/204497,foldable duct propeller rotor,False,0,
openalex,doi:10.1016/j.cja.2017.02.019,2017,Investigation of high-speed abrasion behavior of an abradable seal rubber in aero-engine fan application,Chinese Journal of Aeronautics,article,https://doi.org/10.1016/j.cja.2017.02.019,ducted fan non-uniform tip clearance experimental,False,0,
openalex,doi:10.3390/nano11092337,2021,Iron Oxide Nanoparticles in Regenerative Medicine and Tissue Engineering,Nanomaterials,article,https://doi.org/10.3390/nano11092337,ducted fan tip clearance ovality,False,0,
openalex,doi:10.1016/j.jsv.2019.01.005,2019,Large Eddy Simulation of a scale-model turbofan for fan noise source diagnostic,Journal of Sound and Vibration,article,https://doi.org/10.1016/j.jsv.2019.01.005,ducted fan non-uniform tip clearance experimental,False,0,
openalex,https://openalex.org/W3198750370,2020,Leakage performance evaluation of cloth seal,Sabanci University,dissertation,https://research.sabanciuniv.edu/id/eprint/41457/1/10372509_Gorgun%2C_Erdem.pdf,segmented shroud rotor duct seam aerodynamic,False,0,
openalex,doi:10.3390/mi14061273,2023,MXene-Based Nanocomposites for Piezoelectric and Triboelectric Energy Harvesting Applications,Micromachines,article,https://doi.org/10.3390/mi14061273,tip clearance optical capacitive measurement fan blade,False,0,
openalex,doi:10.1126/sciadv.adk9878,2024,Macrophage depletion protects against cisplatin-induced ototoxicity and nephrotoxicity,Science Advances,article,https://doi.org/10.1126/sciadv.adk9878,ducted fan tip clearance ovality,False,0,
openalex,doi:10.2172/1219412,2011,Measure Guideline: Sealing and Insulating Ducts in Existing Homes,,report,https://doi.org/10.2172/1219412,ducted fan tip clearance ovality,False,0,
openalex,doi:10.1016/j.ijheatfluidflow.2014.06.006,2014,Methodology for experimental validation of a CFD model for predicting noise generation in centrifugal compressors,International Journal of Heat and Fluid Flow,article,https://doi.org/10.1016/j.ijheatfluidflow.2014.06.006,ducted fan non-uniform tip clearance experimental,False,0,
openalex,doi:10.3390/ijms23041981,2022,Microfluidic-Based Technologies for CTC Isolation: A Review of 10 Years of Intense Efforts towards Liquid Biopsy,International Journal of Molecular Sciences,article,https://doi.org/10.3390/ijms23041981,ducted fan tip clearance ovality,False,0,
openalex,doi:10.5075/epfl-thesis-5493,2012,Miniaturized Microwave Cavities for Industrial Applications,Infoscience (Ecole Polytechnique Fédérale de Lausanne),dissertation,https://doi.org/10.5075/epfl-thesis-5493,tip clearance optical capacitive measurement fan blade,False,0,
openalex,https://openalex.org/W817807592,2010,Modeling Flight: The Role of Dynamically Scaled Free-Flight Models in Support of NASA's Aerospace Programs,NASA STI Repository (National Aeronautics and Space Administration),article,http://hdl.handle.net/2060/20110012492,ducted fan tip clearance ovality,False,0,
openalex,doi:10.3390/en16135085,2023,Monitoring Technologies for HVDC Transmission Lines,Energies,article,https://doi.org/10.3390/en16135085,tip clearance optical capacitive measurement fan blade,False,0,
openalex,doi:10.3390/pr10040753,2022,Multi-Objective Optimization for the Radial Bending and Twisting Law of Axial Fan Blades,Processes,article,https://doi.org/10.3390/pr10040753,ducted fan non-uniform tip clearance experimental,False,0,
openalex,doi:10.2514/1.b35128,2014,Multifidelity Multidisciplinary Whole-Engine Thermomechanical Design Optimization,Journal of Propulsion and Power,article,https://doi.org/10.2514/1.b35128,non-axisymmetric tip clearance rotor performance,False,0,
openalex,doi:10.1016/j.cja.2022.04.011,2022,Non-synchronous blade vibration analysis of a transonic fan,Chinese Journal of Aeronautics,article,https://doi.org/10.1016/j.cja.2022.04.011,ducted fan tip clearance ovality,False,0,
openalex,doi:10.3390/en10081153,2017,Numerical Investigation for the Impact of Single Groove on the Stall Margin Improvement and the Unsteadiness of Tip Leakage Flow in a Counter-Rotating Axial Flow Compressor,Energies,article,https://doi.org/10.3390/en10081153,ducted fan tip clearance ovality,False,0,
openalex,doi:10.3390/app9235244,2019,Numerical Simulation of the Tip Leakage Vortex Characteristics in a Semi-Open Centrifugal Pump,Applied Sciences,article,https://doi.org/10.3390/app9235244,non-axisymmetric tip clearance rotor performance,False,0,
openalex,doi:10.1016/j.ijnaoe.2019.10.001,2019,Numerical analysis of unsteady hydrodynamic performance of pump-jet propulsor in oblique flow,International Journal of Naval Architecture and Ocean Engineering,article,https://doi.org/10.1016/j.ijnaoe.2019.10.001,non-axisymmetric tip clearance rotor performance,False,0,
openalex,doi:10.3390/machines11020155,2023,Numerical and Experimental Investigations of Axial Flow Fan with Bionic Forked Trailing Edge,Machines,article,https://doi.org/10.3390/machines11020155,ducted fan non-uniform tip clearance experimental,False,0,
openalex,doi:10.5287/ora-o8569gmbb,2008,Numerical and experimental studies of shallow cone penetration in clay,Oxford University Research Archive (ORA) (University of Oxford),dissertation,https://doi.org/10.5287/ora-o8569gmbb,tip clearance optical capacitive measurement fan blade,False,0,
openalex,doi:10.1051/aacus/2023060,2023,Numerical flow noise simulation of an axial fan with a Lattice-Boltzmann solver,Acta Acustica,article,https://doi.org/10.1051/aacus/2023060,ducted fan non-uniform tip clearance experimental,False,0,
openalex,doi:10.1016/j.ast.2024.109011,2024,Numerical simulation of distributed propulsion systems using CFD,Aerospace Science and Technology,article,https://doi.org/10.1016/j.ast.2024.109011,foldable duct propeller rotor,False,0,
openalex,doi:10.1016/j.apm.2020.08.074,2020,Numerical simulation of the performance of a centrifugal pump with a semi-open impeller under normal and cavitating conditions,Applied Mathematical Modelling,article,https://doi.org/10.1016/j.apm.2020.08.074,non-axisymmetric tip clearance rotor performance,False,0,
openalex,doi:10.1016/j.biosystemseng.2019.11.016,2019,Optimisation of a multi-duct cleaning device for rice combine harvesters utilising CFD and experiments,Biosystems Engineering,article,https://doi.org/10.1016/j.biosystemseng.2019.11.016,ducted fan non-uniform tip clearance experimental,False,0,
openalex,doi:10.24425/ather.2023.147535,2023,Optimization of geometric and flow parameters of solar air heater roughened with artificial roughness by Taguchi method,Archives of Thermodynamics,article,https://doi.org/10.24425/ather.2023.147535,ducted fan tip clearance ovality,False,0,
openalex,doi:10.1101/gad.263145.115,2015,"Origins, genetic landscape, and emerging therapies of small cell lung cancer",Genes & Development,preprint,https://doi.org/10.1101/gad.263145.115,ducted fan tip clearance ovality,False,0,
openalex,https://openalex.org/W2286961450,2000,Parametric dependencies of aeroengine flutter for flutter clearance applications,DSpace@MIT (Massachusetts Institute of Technology),dissertation,http://hdl.handle.net/1721.1/8818,ducted fan tip clearance ovality,False,0,
openalex,doi:10.1109/tro.2021.3084395,2021,"Past, Present, and Future of Aerial Robotic Manipulators",IEEE Transactions on Robotics,article,https://doi.org/10.1109/tro.2021.3084395,foldable duct propeller rotor,False,0,
openalex,doi:10.1124/pharmrev.122.000684,2023,Pharmacology of Heparin and Related Drugs: An Update,Pharmacological Reviews,article,https://doi.org/10.1124/pharmrev.122.000684,ducted fan tip clearance ovality,False,0,
openalex,https://openalex.org/W178229292,2011,Plasma Actuation for Boundary Layer Separation Control in Engine Ducts,PolyPublie (École Polytechnique de Montréal),dissertation,https://publications.polymtl.ca/743/1/2011_XiaofeiXu.pdf,ducted fan tip clearance ovality,False,0,
openalex,doi:10.3390/aerospace11040286,2024,Preliminary Design and Optimization of Primary Structures for a Tilt-Duct UAV,Aerospace,article,https://doi.org/10.3390/aerospace11040286,foldable duct propeller rotor,False,0,
openalex,doi:10.2172/5449342,1981,Preliminary design and economic investigations of Diffuser-Augmented Wind Turbines (DAWT),,report,https://doi.org/10.2172/5449342,segmented shroud rotor duct seam aerodynamic,False,0,
openalex,doi:10.1016/j.semcdb.2020.07.013,2020,Primary cilia biogenesis and associated retinal ciliopathies,Seminars in Cell and Developmental Biology,article,https://doi.org/10.1016/j.semcdb.2020.07.013,ducted fan tip clearance ovality,False,0,
openalex,doi:10.3390/ijtpp9010010,2024,Quantification of Blade Vibration Amplitude in Turbomachinery,International Journal of Turbomachinery Propulsion and Power,article,https://doi.org/10.3390/ijtpp9010010,tip clearance optical capacitive measurement fan blade,False,0,
openalex,https://openalex.org/W2611208711,2017,Quantum Measurement Backaction and Upconverting Microwave Signals with Mechanical Resonators,CU Scholar (University of Colorado Boulder),dissertation,https://scholar.colorado.edu/concern/graduate_thesis_or_dissertations/nk322d35b,tip clearance optical capacitive measurement fan blade,False,0,
openalex,doi:10.1109/jsen.2022.3177177,2022,Real-Time Wireless Pressure Sensing System for Stall and Loading Measurements in the Rotating Frame of Reference for a Low Speed Compressor,IEEE Sensors Journal,article,https://doi.org/10.1109/jsen.2022.3177177,tip clearance optical capacitive measurement fan blade,False,0,
openalex,doi:10.3390/s18020609,2018,Recent Advances in Active Infrared Thermography for Non-Destructive Testing of Aerospace Components,Sensors,article,https://doi.org/10.3390/s18020609,tip clearance optical capacitive measurement fan blade,False,0,
openalex,doi:10.5772/61381,2016,Recent Progress in Some Aircraft Technologies,InTech eBooks,book,https://doi.org/10.5772/61381,segmented shroud rotor duct seam aerodynamic,False,0,
openalex,doi:10.1186/s43251-024-00143-3,2024,Research progress on calibration of bridge structural health monitoring sensing system,Advances in Bridge Engineering,article,https://doi.org/10.1186/s43251-024-00143-3,tip clearance optical capacitive measurement fan blade,False,0,
openalex,doi:10.3390/en17143533,2024,Review of Various Sensor Technologies in Monitoring the Condition of Power Transformers,Energies,article,https://doi.org/10.3390/en17143533,tip clearance optical capacitive measurement fan blade,False,0,
openalex,doi:10.2514/6.1974-1188,1974,Sealing technology for aircraft gas turbine engines,,conference-paper,https://doi.org/10.2514/6.1974-1188,ducted fan tip clearance ovality,False,0,
openalex,doi:10.1115/gt2015-43628,2015,Self-Excited Blade Vibration Experimentally Investigated in Transonic Compressors: Rotating Instabilities and Flutter,,conference-paper,https://doi.org/10.1115/gt2015-43628,non-axisymmetric tip clearance rotor performance,False,0,
openalex,doi:10.1115/gt2002-30368,2002,Self-Recirculating Casing Treatment Concept for Enhanced Compressor Performance,,conference-paper,https://doi.org/10.1115/gt2002-30368,non-axisymmetric tip clearance rotor performance,False,0,
openalex,doi:10.1016/j.wear.2018.05.010,2018,"Slurry erosion of steel – Review of tests, mechanisms and materials",Wear,article,https://doi.org/10.1016/j.wear.2018.05.010,foldable duct propeller rotor,False,0,
openalex,doi:10.1016/j.jweia.2013.01.010,2013,Small-scale wind energy portable turbine (SWEPT),Journal of Wind Engineering and Industrial Aerodynamics,article,https://doi.org/10.1016/j.jweia.2013.01.010,foldable duct propeller rotor,False,0,
openalex,doi:10.1115/gt2018-75153,2018,Stall Inception in Low Pressure Ratio Fans,,conference-paper,https://doi.org/10.1115/gt2018-75153,ducted fan non-uniform tip clearance experimental,False,0,
openalex,doi:10.1115/1.4043644,2019,Stall Inception in a Boundary Layer Ingesting Fan,Journal of Turbomachinery,article,https://doi.org/10.1115/1.4043644,ducted fan non-uniform tip clearance experimental,False,0,
openalex,doi:10.3390/s23052600,2023,State-Space Model for Arrival Time Simulations and Methodology for Offline Blade Tip-Timing Software Characterization,Sensors,article,https://doi.org/10.3390/s23052600,tip clearance optical capacitive measurement fan blade,False,0,
openalex,doi:10.1021/acsbiomaterials.4c02264,2025,Stimuli-Responsive Self-Healing Ionic Gels: A Promising Approach for Dermal and Tissue Engineering Applications,ACS Biomaterials Science & Engineering,article,https://doi.org/10.1021/acsbiomaterials.4c02264,tip clearance optical capacitive measurement fan blade,False,0,
openalex,https://openalex.org/W2585294426,1967,Study on the feasibility of V/STOL concepts for short-haul transport aircraft,NASA Technical Reports Server (NASA),article,http://hdl.handle.net/2060/19670005609,ducted fan tip clearance ovality,False,0,
openalex,doi:10.1387/ijdb.103109rk,2011,Targeted expression of p35 reveals a role for caspases in formation of the adult abdominal cuticle in Drosophila,The International Journal of Developmental Biology,article,https://doi.org/10.1387/ijdb.103109rk,ducted fan tip clearance ovality,False,0,
openalex,https://openalex.org/W2749684875,1975,Testing of lift/cruise fan exhaust deflector,NASA Technical Reports Server (NASA),article,http://hdl.handle.net/2060/19750014248,ducted fan tip clearance ovality,False,0,
openalex,doi:10.1111/joa.12344,2015,The development of the mammalian outer and middle ear,Journal of Anatomy,article,https://doi.org/10.1111/joa.12344,ducted fan tip clearance ovality,False,0,
openalex,doi:10.1115/gt2019-91361,2019,"Theoretical and Experimental Investigation of a Small-Scale, High-Speed, and Oil-Free Radial Anode Off-Gas Recirculation Fan for Solid Oxide Fuel Cell Systems","Volume 8: Microturbines, Turbochargers and Small Turbomachines; Steam Turbines",conference-paper,https://doi.org/10.1115/gt2019-91361,tip clearance optical capacitive measurement fan blade,False,0,
openalex,doi:10.2514/5.9781600866920.0041.0080,2008,Titan Explorer: The Next Step in the Exploration of a Mysterious World,American Institute of Aeronautics and Astronautics eBooks,book-chapter,https://doi.org/10.2514/5.9781600866920.0041.0080,segmented shroud rotor duct seam aerodynamic,False,0,
openalex,doi:10.2514/6.2002-3790,2002,Turbine Engine Clearance Control Systems: Current Practices and Future Directions,,conference-paper,https://doi.org/10.2514/6.2002-3790,tip clearance optical capacitive measurement fan blade,False,0,
openalex,doi:10.3390/ijtpp7020017,2022,UHBR Open-Test-Case Fan ECL5/CATANA,International Journal of Turbomachinery Propulsion and Power,article,https://doi.org/10.3390/ijtpp7020017,ducted fan non-uniform tip clearance experimental,False,0,
openalex,doi:10.1002/jum.15517,2020,Ultrasound‐Guided Breast Biopsies,Journal of Ultrasound in Medicine,article,https://doi.org/10.1002/jum.15517,ducted fan tip clearance ovality,False,0,
openalex,doi:10.3758/bf03200594,1997,Unprimed stem completion is only moderately predicted by word frequency and length,"Behavior Research Methods, Instruments, & Computers",article,https://doi.org/10.3758/bf03200594,segmented shroud rotor duct seam aerodynamic,False,0,
openalex,https://openalex.org/W1556333961,2003,Vibration and crack detection in gas turbine engine compressor blades using Eddy current sensors,DSpace@MIT (Massachusetts Institute of Technology),dissertation,http://hdl.handle.net/1721.1/28895,tip clearance optical capacitive measurement fan blade,False,0,
